name,type,direction,description
feat_0000,integer,,Pmapper feature index 0
feat_0001,integer,,Pmapper feature index 1
feat_0002,integer,,Pmapper feature index 2
feat_0003,integer,,Pmapper feature index 3
feat_0004,integer,,Pmapper feature index 4
feat_0005,integer,,Pmapper feature index 5
feat_0006,integer,,Pmapper feature index 6
feat_0007,integer,,Pmapper feature index 7
feat_0008,integer,,Pmapper feature index 8
feat_0009,integer,,Pmapper feature index 9
feat_0010,integer,,Pmapper feature index 10
feat_0011,integer,,Pmapper feature index 11
feat_0012,integer,,Pmapper feature index 12
feat_0013,integer,,Pmapper feature index 13
feat_0014,integer,,Pmapper feature index 14
feat_0015,integer,,Pmapper feature index 15
feat_0016,integer,,Pmapper feature index 16
feat_0017,integer,,Pmapper feature index 17
feat_0018,integer,,Pmapper feature index 18
feat_0019,integer,,Pmapper feature index 19
feat_0020,integer,,Pmapper feature index 20
feat_0021,integer,,Pmapper feature index 21
feat_0022,integer,,Pmapper feature index 22
feat_0023,integer,,Pmapper feature index 23
feat_0024,integer,,Pmapper feature index 24
feat_0025,integer,,Pmapper feature index 25
feat_0026,integer,,Pmapper feature index 26
feat_0027,integer,,Pmapper feature index 27
feat_0028,integer,,Pmapper feature index 28
feat_0029,integer,,Pmapper feature index 29
feat_0030,integer,,Pmapper feature index 30
feat_0031,integer,,Pmapper feature index 31
feat_0032,integer,,Pmapper feature index 32
feat_0033,integer,,Pmapper feature index 33
feat_0034,integer,,Pmapper feature index 34
feat_0035,integer,,Pmapper feature index 35
feat_0036,integer,,Pmapper feature index 36
feat_0037,integer,,Pmapper feature index 37
feat_0038,integer,,Pmapper feature index 38
feat_0039,integer,,Pmapper feature index 39
feat_0040,integer,,Pmapper feature index 40
feat_0041,integer,,Pmapper feature index 41
feat_0042,integer,,Pmapper feature index 42
feat_0043,integer,,Pmapper feature index 43
feat_0044,integer,,Pmapper feature index 44
feat_0045,integer,,Pmapper feature index 45
feat_0046,integer,,Pmapper feature index 46
feat_0047,integer,,Pmapper feature index 47
feat_0048,integer,,Pmapper feature index 48
feat_0049,integer,,Pmapper feature index 49
feat_0050,integer,,Pmapper feature index 50
feat_0051,integer,,Pmapper feature index 51
feat_0052,integer,,Pmapper feature index 52
feat_0053,integer,,Pmapper feature index 53
feat_0054,integer,,Pmapper feature index 54
feat_0055,integer,,Pmapper feature index 55
feat_0056,integer,,Pmapper feature index 56
feat_0057,integer,,Pmapper feature index 57
feat_0058,integer,,Pmapper feature index 58
feat_0059,integer,,Pmapper feature index 59
feat_0060,integer,,Pmapper feature index 60
feat_0061,integer,,Pmapper feature index 61
feat_0062,integer,,Pmapper feature index 62
feat_0063,integer,,Pmapper feature index 63
feat_0064,integer,,Pmapper feature index 64
feat_0065,integer,,Pmapper feature index 65
feat_0066,integer,,Pmapper feature index 66
feat_0067,integer,,Pmapper feature index 67
feat_0068,integer,,Pmapper feature index 68
feat_0069,integer,,Pmapper feature index 69
feat_0070,integer,,Pmapper feature index 70
feat_0071,integer,,Pmapper feature index 71
feat_0072,integer,,Pmapper feature index 72
feat_0073,integer,,Pmapper feature index 73
feat_0074,integer,,Pmapper feature index 74
feat_0075,integer,,Pmapper feature index 75
feat_0076,integer,,Pmapper feature index 76
feat_0077,integer,,Pmapper feature index 77
feat_0078,integer,,Pmapper feature index 78
feat_0079,integer,,Pmapper feature index 79
feat_0080,integer,,Pmapper feature index 80
feat_0081,integer,,Pmapper feature index 81
feat_0082,integer,,Pmapper feature index 82
feat_0083,integer,,Pmapper feature index 83
feat_0084,integer,,Pmapper feature index 84
feat_0085,integer,,Pmapper feature index 85
feat_0086,integer,,Pmapper feature index 86
feat_0087,integer,,Pmapper feature index 87
feat_0088,integer,,Pmapper feature index 88
feat_0089,integer,,Pmapper feature index 89
feat_0090,integer,,Pmapper feature index 90
feat_0091,integer,,Pmapper feature index 91
feat_0092,integer,,Pmapper feature index 92
feat_0093,integer,,Pmapper feature index 93
feat_0094,integer,,Pmapper feature index 94
feat_0095,integer,,Pmapper feature index 95
feat_0096,integer,,Pmapper feature index 96
feat_0097,integer,,Pmapper feature index 97
feat_0098,integer,,Pmapper feature index 98
feat_0099,integer,,Pmapper feature index 99
feat_0100,integer,,Pmapper feature index 100
feat_0101,integer,,Pmapper feature index 101
feat_0102,integer,,Pmapper feature index 102
feat_0103,integer,,Pmapper feature index 103
feat_0104,integer,,Pmapper feature index 104
feat_0105,integer,,Pmapper feature index 105
feat_0106,integer,,Pmapper feature index 106
feat_0107,integer,,Pmapper feature index 107
feat_0108,integer,,Pmapper feature index 108
feat_0109,integer,,Pmapper feature index 109
feat_0110,integer,,Pmapper feature index 110
feat_0111,integer,,Pmapper feature index 111
feat_0112,integer,,Pmapper feature index 112
feat_0113,integer,,Pmapper feature index 113
feat_0114,integer,,Pmapper feature index 114
feat_0115,integer,,Pmapper feature index 115
feat_0116,integer,,Pmapper feature index 116
feat_0117,integer,,Pmapper feature index 117
feat_0118,integer,,Pmapper feature index 118
feat_0119,integer,,Pmapper feature index 119
feat_0120,integer,,Pmapper feature index 120
feat_0121,integer,,Pmapper feature index 121
feat_0122,integer,,Pmapper feature index 122
feat_0123,integer,,Pmapper feature index 123
feat_0124,integer,,Pmapper feature index 124
feat_0125,integer,,Pmapper feature index 125
feat_0126,integer,,Pmapper feature index 126
feat_0127,integer,,Pmapper feature index 127
feat_0128,integer,,Pmapper feature index 128
feat_0129,integer,,Pmapper feature index 129
feat_0130,integer,,Pmapper feature index 130
feat_0131,integer,,Pmapper feature index 131
feat_0132,integer,,Pmapper feature index 132
feat_0133,integer,,Pmapper feature index 133
feat_0134,integer,,Pmapper feature index 134
feat_0135,integer,,Pmapper feature index 135
feat_0136,integer,,Pmapper feature index 136
feat_0137,integer,,Pmapper feature index 137
feat_0138,integer,,Pmapper feature index 138
feat_0139,integer,,Pmapper feature index 139
feat_0140,integer,,Pmapper feature index 140
feat_0141,integer,,Pmapper feature index 141
feat_0142,integer,,Pmapper feature index 142
feat_0143,integer,,Pmapper feature index 143
feat_0144,integer,,Pmapper feature index 144
feat_0145,integer,,Pmapper feature index 145
feat_0146,integer,,Pmapper feature index 146
feat_0147,integer,,Pmapper feature index 147
feat_0148,integer,,Pmapper feature index 148
feat_0149,integer,,Pmapper feature index 149
feat_0150,integer,,Pmapper feature index 150
feat_0151,integer,,Pmapper feature index 151
feat_0152,integer,,Pmapper feature index 152
feat_0153,integer,,Pmapper feature index 153
feat_0154,integer,,Pmapper feature index 154
feat_0155,integer,,Pmapper feature index 155
feat_0156,integer,,Pmapper feature index 156
feat_0157,integer,,Pmapper feature index 157
feat_0158,integer,,Pmapper feature index 158
feat_0159,integer,,Pmapper feature index 159
feat_0160,integer,,Pmapper feature index 160
feat_0161,integer,,Pmapper feature index 161
feat_0162,integer,,Pmapper feature index 162
feat_0163,integer,,Pmapper feature index 163
feat_0164,integer,,Pmapper feature index 164
feat_0165,integer,,Pmapper feature index 165
feat_0166,integer,,Pmapper feature index 166
feat_0167,integer,,Pmapper feature index 167
feat_0168,integer,,Pmapper feature index 168
feat_0169,integer,,Pmapper feature index 169
feat_0170,integer,,Pmapper feature index 170
feat_0171,integer,,Pmapper feature index 171
feat_0172,integer,,Pmapper feature index 172
feat_0173,integer,,Pmapper feature index 173
feat_0174,integer,,Pmapper feature index 174
feat_0175,integer,,Pmapper feature index 175
feat_0176,integer,,Pmapper feature index 176
feat_0177,integer,,Pmapper feature index 177
feat_0178,integer,,Pmapper feature index 178
feat_0179,integer,,Pmapper feature index 179
feat_0180,integer,,Pmapper feature index 180
feat_0181,integer,,Pmapper feature index 181
feat_0182,integer,,Pmapper feature index 182
feat_0183,integer,,Pmapper feature index 183
feat_0184,integer,,Pmapper feature index 184
feat_0185,integer,,Pmapper feature index 185
feat_0186,integer,,Pmapper feature index 186
feat_0187,integer,,Pmapper feature index 187
feat_0188,integer,,Pmapper feature index 188
feat_0189,integer,,Pmapper feature index 189
feat_0190,integer,,Pmapper feature index 190
feat_0191,integer,,Pmapper feature index 191
feat_0192,integer,,Pmapper feature index 192
feat_0193,integer,,Pmapper feature index 193
feat_0194,integer,,Pmapper feature index 194
feat_0195,integer,,Pmapper feature index 195
feat_0196,integer,,Pmapper feature index 196
feat_0197,integer,,Pmapper feature index 197
feat_0198,integer,,Pmapper feature index 198
feat_0199,integer,,Pmapper feature index 199
feat_0200,integer,,Pmapper feature index 200
feat_0201,integer,,Pmapper feature index 201
feat_0202,integer,,Pmapper feature index 202
feat_0203,integer,,Pmapper feature index 203
feat_0204,integer,,Pmapper feature index 204
feat_0205,integer,,Pmapper feature index 205
feat_0206,integer,,Pmapper feature index 206
feat_0207,integer,,Pmapper feature index 207
feat_0208,integer,,Pmapper feature index 208
feat_0209,integer,,Pmapper feature index 209
feat_0210,integer,,Pmapper feature index 210
feat_0211,integer,,Pmapper feature index 211
feat_0212,integer,,Pmapper feature index 212
feat_0213,integer,,Pmapper feature index 213
feat_0214,integer,,Pmapper feature index 214
feat_0215,integer,,Pmapper feature index 215
feat_0216,integer,,Pmapper feature index 216
feat_0217,integer,,Pmapper feature index 217
feat_0218,integer,,Pmapper feature index 218
feat_0219,integer,,Pmapper feature index 219
feat_0220,integer,,Pmapper feature index 220
feat_0221,integer,,Pmapper feature index 221
feat_0222,integer,,Pmapper feature index 222
feat_0223,integer,,Pmapper feature index 223
feat_0224,integer,,Pmapper feature index 224
feat_0225,integer,,Pmapper feature index 225
feat_0226,integer,,Pmapper feature index 226
feat_0227,integer,,Pmapper feature index 227
feat_0228,integer,,Pmapper feature index 228
feat_0229,integer,,Pmapper feature index 229
feat_0230,integer,,Pmapper feature index 230
feat_0231,integer,,Pmapper feature index 231
feat_0232,integer,,Pmapper feature index 232
feat_0233,integer,,Pmapper feature index 233
feat_0234,integer,,Pmapper feature index 234
feat_0235,integer,,Pmapper feature index 235
feat_0236,integer,,Pmapper feature index 236
feat_0237,integer,,Pmapper feature index 237
feat_0238,integer,,Pmapper feature index 238
feat_0239,integer,,Pmapper feature index 239
feat_0240,integer,,Pmapper feature index 240
feat_0241,integer,,Pmapper feature index 241
feat_0242,integer,,Pmapper feature index 242
feat_0243,integer,,Pmapper feature index 243
feat_0244,integer,,Pmapper feature index 244
feat_0245,integer,,Pmapper feature index 245
feat_0246,integer,,Pmapper feature index 246
feat_0247,integer,,Pmapper feature index 247
feat_0248,integer,,Pmapper feature index 248
feat_0249,integer,,Pmapper feature index 249
feat_0250,integer,,Pmapper feature index 250
feat_0251,integer,,Pmapper feature index 251
feat_0252,integer,,Pmapper feature index 252
feat_0253,integer,,Pmapper feature index 253
feat_0254,integer,,Pmapper feature index 254
feat_0255,integer,,Pmapper feature index 255
feat_0256,integer,,Pmapper feature index 256
feat_0257,integer,,Pmapper feature index 257
feat_0258,integer,,Pmapper feature index 258
feat_0259,integer,,Pmapper feature index 259
feat_0260,integer,,Pmapper feature index 260
feat_0261,integer,,Pmapper feature index 261
feat_0262,integer,,Pmapper feature index 262
feat_0263,integer,,Pmapper feature index 263
feat_0264,integer,,Pmapper feature index 264
feat_0265,integer,,Pmapper feature index 265
feat_0266,integer,,Pmapper feature index 266
feat_0267,integer,,Pmapper feature index 267
feat_0268,integer,,Pmapper feature index 268
feat_0269,integer,,Pmapper feature index 269
feat_0270,integer,,Pmapper feature index 270
feat_0271,integer,,Pmapper feature index 271
feat_0272,integer,,Pmapper feature index 272
feat_0273,integer,,Pmapper feature index 273
feat_0274,integer,,Pmapper feature index 274
feat_0275,integer,,Pmapper feature index 275
feat_0276,integer,,Pmapper feature index 276
feat_0277,integer,,Pmapper feature index 277
feat_0278,integer,,Pmapper feature index 278
feat_0279,integer,,Pmapper feature index 279
feat_0280,integer,,Pmapper feature index 280
feat_0281,integer,,Pmapper feature index 281
feat_0282,integer,,Pmapper feature index 282
feat_0283,integer,,Pmapper feature index 283
feat_0284,integer,,Pmapper feature index 284
feat_0285,integer,,Pmapper feature index 285
feat_0286,integer,,Pmapper feature index 286
feat_0287,integer,,Pmapper feature index 287
feat_0288,integer,,Pmapper feature index 288
feat_0289,integer,,Pmapper feature index 289
feat_0290,integer,,Pmapper feature index 290
feat_0291,integer,,Pmapper feature index 291
feat_0292,integer,,Pmapper feature index 292
feat_0293,integer,,Pmapper feature index 293
feat_0294,integer,,Pmapper feature index 294
feat_0295,integer,,Pmapper feature index 295
feat_0296,integer,,Pmapper feature index 296
feat_0297,integer,,Pmapper feature index 297
feat_0298,integer,,Pmapper feature index 298
feat_0299,integer,,Pmapper feature index 299
feat_0300,integer,,Pmapper feature index 300
feat_0301,integer,,Pmapper feature index 301
feat_0302,integer,,Pmapper feature index 302
feat_0303,integer,,Pmapper feature index 303
feat_0304,integer,,Pmapper feature index 304
feat_0305,integer,,Pmapper feature index 305
feat_0306,integer,,Pmapper feature index 306
feat_0307,integer,,Pmapper feature index 307
feat_0308,integer,,Pmapper feature index 308
feat_0309,integer,,Pmapper feature index 309
feat_0310,integer,,Pmapper feature index 310
feat_0311,integer,,Pmapper feature index 311
feat_0312,integer,,Pmapper feature index 312
feat_0313,integer,,Pmapper feature index 313
feat_0314,integer,,Pmapper feature index 314
feat_0315,integer,,Pmapper feature index 315
feat_0316,integer,,Pmapper feature index 316
feat_0317,integer,,Pmapper feature index 317
feat_0318,integer,,Pmapper feature index 318
feat_0319,integer,,Pmapper feature index 319
feat_0320,integer,,Pmapper feature index 320
feat_0321,integer,,Pmapper feature index 321
feat_0322,integer,,Pmapper feature index 322
feat_0323,integer,,Pmapper feature index 323
feat_0324,integer,,Pmapper feature index 324
feat_0325,integer,,Pmapper feature index 325
feat_0326,integer,,Pmapper feature index 326
feat_0327,integer,,Pmapper feature index 327
feat_0328,integer,,Pmapper feature index 328
feat_0329,integer,,Pmapper feature index 329
feat_0330,integer,,Pmapper feature index 330
feat_0331,integer,,Pmapper feature index 331
feat_0332,integer,,Pmapper feature index 332
feat_0333,integer,,Pmapper feature index 333
feat_0334,integer,,Pmapper feature index 334
feat_0335,integer,,Pmapper feature index 335
feat_0336,integer,,Pmapper feature index 336
feat_0337,integer,,Pmapper feature index 337
feat_0338,integer,,Pmapper feature index 338
feat_0339,integer,,Pmapper feature index 339
feat_0340,integer,,Pmapper feature index 340
feat_0341,integer,,Pmapper feature index 341
feat_0342,integer,,Pmapper feature index 342
feat_0343,integer,,Pmapper feature index 343
feat_0344,integer,,Pmapper feature index 344
feat_0345,integer,,Pmapper feature index 345
feat_0346,integer,,Pmapper feature index 346
feat_0347,integer,,Pmapper feature index 347
feat_0348,integer,,Pmapper feature index 348
feat_0349,integer,,Pmapper feature index 349
feat_0350,integer,,Pmapper feature index 350
feat_0351,integer,,Pmapper feature index 351
feat_0352,integer,,Pmapper feature index 352
feat_0353,integer,,Pmapper feature index 353
feat_0354,integer,,Pmapper feature index 354
feat_0355,integer,,Pmapper feature index 355
feat_0356,integer,,Pmapper feature index 356
feat_0357,integer,,Pmapper feature index 357
feat_0358,integer,,Pmapper feature index 358
feat_0359,integer,,Pmapper feature index 359
feat_0360,integer,,Pmapper feature index 360
feat_0361,integer,,Pmapper feature index 361
feat_0362,integer,,Pmapper feature index 362
feat_0363,integer,,Pmapper feature index 363
feat_0364,integer,,Pmapper feature index 364
feat_0365,integer,,Pmapper feature index 365
feat_0366,integer,,Pmapper feature index 366
feat_0367,integer,,Pmapper feature index 367
feat_0368,integer,,Pmapper feature index 368
feat_0369,integer,,Pmapper feature index 369
feat_0370,integer,,Pmapper feature index 370
feat_0371,integer,,Pmapper feature index 371
feat_0372,integer,,Pmapper feature index 372
feat_0373,integer,,Pmapper feature index 373
feat_0374,integer,,Pmapper feature index 374
feat_0375,integer,,Pmapper feature index 375
feat_0376,integer,,Pmapper feature index 376
feat_0377,integer,,Pmapper feature index 377
feat_0378,integer,,Pmapper feature index 378
feat_0379,integer,,Pmapper feature index 379
feat_0380,integer,,Pmapper feature index 380
feat_0381,integer,,Pmapper feature index 381
feat_0382,integer,,Pmapper feature index 382
feat_0383,integer,,Pmapper feature index 383
feat_0384,integer,,Pmapper feature index 384
feat_0385,integer,,Pmapper feature index 385
feat_0386,integer,,Pmapper feature index 386
feat_0387,integer,,Pmapper feature index 387
feat_0388,integer,,Pmapper feature index 388
feat_0389,integer,,Pmapper feature index 389
feat_0390,integer,,Pmapper feature index 390
feat_0391,integer,,Pmapper feature index 391
feat_0392,integer,,Pmapper feature index 392
feat_0393,integer,,Pmapper feature index 393
feat_0394,integer,,Pmapper feature index 394
feat_0395,integer,,Pmapper feature index 395
feat_0396,integer,,Pmapper feature index 396
feat_0397,integer,,Pmapper feature index 397
feat_0398,integer,,Pmapper feature index 398
feat_0399,integer,,Pmapper feature index 399
feat_0400,integer,,Pmapper feature index 400
feat_0401,integer,,Pmapper feature index 401
feat_0402,integer,,Pmapper feature index 402
feat_0403,integer,,Pmapper feature index 403
feat_0404,integer,,Pmapper feature index 404
feat_0405,integer,,Pmapper feature index 405
feat_0406,integer,,Pmapper feature index 406
feat_0407,integer,,Pmapper feature index 407
feat_0408,integer,,Pmapper feature index 408
feat_0409,integer,,Pmapper feature index 409
feat_0410,integer,,Pmapper feature index 410
feat_0411,integer,,Pmapper feature index 411
feat_0412,integer,,Pmapper feature index 412
feat_0413,integer,,Pmapper feature index 413
feat_0414,integer,,Pmapper feature index 414
feat_0415,integer,,Pmapper feature index 415
feat_0416,integer,,Pmapper feature index 416
feat_0417,integer,,Pmapper feature index 417
feat_0418,integer,,Pmapper feature index 418
feat_0419,integer,,Pmapper feature index 419
feat_0420,integer,,Pmapper feature index 420
feat_0421,integer,,Pmapper feature index 421
feat_0422,integer,,Pmapper feature index 422
feat_0423,integer,,Pmapper feature index 423
feat_0424,integer,,Pmapper feature index 424
feat_0425,integer,,Pmapper feature index 425
feat_0426,integer,,Pmapper feature index 426
feat_0427,integer,,Pmapper feature index 427
feat_0428,integer,,Pmapper feature index 428
feat_0429,integer,,Pmapper feature index 429
feat_0430,integer,,Pmapper feature index 430
feat_0431,integer,,Pmapper feature index 431
feat_0432,integer,,Pmapper feature index 432
feat_0433,integer,,Pmapper feature index 433
feat_0434,integer,,Pmapper feature index 434
feat_0435,integer,,Pmapper feature index 435
feat_0436,integer,,Pmapper feature index 436
feat_0437,integer,,Pmapper feature index 437
feat_0438,integer,,Pmapper feature index 438
feat_0439,integer,,Pmapper feature index 439
feat_0440,integer,,Pmapper feature index 440
feat_0441,integer,,Pmapper feature index 441
feat_0442,integer,,Pmapper feature index 442
feat_0443,integer,,Pmapper feature index 443
feat_0444,integer,,Pmapper feature index 444
feat_0445,integer,,Pmapper feature index 445
feat_0446,integer,,Pmapper feature index 446
feat_0447,integer,,Pmapper feature index 447
feat_0448,integer,,Pmapper feature index 448
feat_0449,integer,,Pmapper feature index 449
feat_0450,integer,,Pmapper feature index 450
feat_0451,integer,,Pmapper feature index 451
feat_0452,integer,,Pmapper feature index 452
feat_0453,integer,,Pmapper feature index 453
feat_0454,integer,,Pmapper feature index 454
feat_0455,integer,,Pmapper feature index 455
feat_0456,integer,,Pmapper feature index 456
feat_0457,integer,,Pmapper feature index 457
feat_0458,integer,,Pmapper feature index 458
feat_0459,integer,,Pmapper feature index 459
feat_0460,integer,,Pmapper feature index 460
feat_0461,integer,,Pmapper feature index 461
feat_0462,integer,,Pmapper feature index 462
feat_0463,integer,,Pmapper feature index 463
feat_0464,integer,,Pmapper feature index 464
feat_0465,integer,,Pmapper feature index 465
feat_0466,integer,,Pmapper feature index 466
feat_0467,integer,,Pmapper feature index 467
feat_0468,integer,,Pmapper feature index 468
feat_0469,integer,,Pmapper feature index 469
feat_0470,integer,,Pmapper feature index 470
feat_0471,integer,,Pmapper feature index 471
feat_0472,integer,,Pmapper feature index 472
feat_0473,integer,,Pmapper feature index 473
feat_0474,integer,,Pmapper feature index 474
feat_0475,integer,,Pmapper feature index 475
feat_0476,integer,,Pmapper feature index 476
feat_0477,integer,,Pmapper feature index 477
feat_0478,integer,,Pmapper feature index 478
feat_0479,integer,,Pmapper feature index 479
feat_0480,integer,,Pmapper feature index 480
feat_0481,integer,,Pmapper feature index 481
feat_0482,integer,,Pmapper feature index 482
feat_0483,integer,,Pmapper feature index 483
feat_0484,integer,,Pmapper feature index 484
feat_0485,integer,,Pmapper feature index 485
feat_0486,integer,,Pmapper feature index 486
feat_0487,integer,,Pmapper feature index 487
feat_0488,integer,,Pmapper feature index 488
feat_0489,integer,,Pmapper feature index 489
feat_0490,integer,,Pmapper feature index 490
feat_0491,integer,,Pmapper feature index 491
feat_0492,integer,,Pmapper feature index 492
feat_0493,integer,,Pmapper feature index 493
feat_0494,integer,,Pmapper feature index 494
feat_0495,integer,,Pmapper feature index 495
feat_0496,integer,,Pmapper feature index 496
feat_0497,integer,,Pmapper feature index 497
feat_0498,integer,,Pmapper feature index 498
feat_0499,integer,,Pmapper feature index 499
feat_0500,integer,,Pmapper feature index 500
feat_0501,integer,,Pmapper feature index 501
feat_0502,integer,,Pmapper feature index 502
feat_0503,integer,,Pmapper feature index 503
feat_0504,integer,,Pmapper feature index 504
feat_0505,integer,,Pmapper feature index 505
feat_0506,integer,,Pmapper feature index 506
feat_0507,integer,,Pmapper feature index 507
feat_0508,integer,,Pmapper feature index 508
feat_0509,integer,,Pmapper feature index 509
feat_0510,integer,,Pmapper feature index 510
feat_0511,integer,,Pmapper feature index 511
feat_0512,integer,,Pmapper feature index 512
feat_0513,integer,,Pmapper feature index 513
feat_0514,integer,,Pmapper feature index 514
feat_0515,integer,,Pmapper feature index 515
feat_0516,integer,,Pmapper feature index 516
feat_0517,integer,,Pmapper feature index 517
feat_0518,integer,,Pmapper feature index 518
feat_0519,integer,,Pmapper feature index 519
feat_0520,integer,,Pmapper feature index 520
feat_0521,integer,,Pmapper feature index 521
feat_0522,integer,,Pmapper feature index 522
feat_0523,integer,,Pmapper feature index 523
feat_0524,integer,,Pmapper feature index 524
feat_0525,integer,,Pmapper feature index 525
feat_0526,integer,,Pmapper feature index 526
feat_0527,integer,,Pmapper feature index 527
feat_0528,integer,,Pmapper feature index 528
feat_0529,integer,,Pmapper feature index 529
feat_0530,integer,,Pmapper feature index 530
feat_0531,integer,,Pmapper feature index 531
feat_0532,integer,,Pmapper feature index 532
feat_0533,integer,,Pmapper feature index 533
feat_0534,integer,,Pmapper feature index 534
feat_0535,integer,,Pmapper feature index 535
feat_0536,integer,,Pmapper feature index 536
feat_0537,integer,,Pmapper feature index 537
feat_0538,integer,,Pmapper feature index 538
feat_0539,integer,,Pmapper feature index 539
feat_0540,integer,,Pmapper feature index 540
feat_0541,integer,,Pmapper feature index 541
feat_0542,integer,,Pmapper feature index 542
feat_0543,integer,,Pmapper feature index 543
feat_0544,integer,,Pmapper feature index 544
feat_0545,integer,,Pmapper feature index 545
feat_0546,integer,,Pmapper feature index 546
feat_0547,integer,,Pmapper feature index 547
feat_0548,integer,,Pmapper feature index 548
feat_0549,integer,,Pmapper feature index 549
feat_0550,integer,,Pmapper feature index 550
feat_0551,integer,,Pmapper feature index 551
feat_0552,integer,,Pmapper feature index 552
feat_0553,integer,,Pmapper feature index 553
feat_0554,integer,,Pmapper feature index 554
feat_0555,integer,,Pmapper feature index 555
feat_0556,integer,,Pmapper feature index 556
feat_0557,integer,,Pmapper feature index 557
feat_0558,integer,,Pmapper feature index 558
feat_0559,integer,,Pmapper feature index 559
feat_0560,integer,,Pmapper feature index 560
feat_0561,integer,,Pmapper feature index 561
feat_0562,integer,,Pmapper feature index 562
feat_0563,integer,,Pmapper feature index 563
feat_0564,integer,,Pmapper feature index 564
feat_0565,integer,,Pmapper feature index 565
feat_0566,integer,,Pmapper feature index 566
feat_0567,integer,,Pmapper feature index 567
feat_0568,integer,,Pmapper feature index 568
feat_0569,integer,,Pmapper feature index 569
feat_0570,integer,,Pmapper feature index 570
feat_0571,integer,,Pmapper feature index 571
feat_0572,integer,,Pmapper feature index 572
feat_0573,integer,,Pmapper feature index 573
feat_0574,integer,,Pmapper feature index 574
feat_0575,integer,,Pmapper feature index 575
feat_0576,integer,,Pmapper feature index 576
feat_0577,integer,,Pmapper feature index 577
feat_0578,integer,,Pmapper feature index 578
feat_0579,integer,,Pmapper feature index 579
feat_0580,integer,,Pmapper feature index 580
feat_0581,integer,,Pmapper feature index 581
feat_0582,integer,,Pmapper feature index 582
feat_0583,integer,,Pmapper feature index 583
feat_0584,integer,,Pmapper feature index 584
feat_0585,integer,,Pmapper feature index 585
feat_0586,integer,,Pmapper feature index 586
feat_0587,integer,,Pmapper feature index 587
feat_0588,integer,,Pmapper feature index 588
feat_0589,integer,,Pmapper feature index 589
feat_0590,integer,,Pmapper feature index 590
feat_0591,integer,,Pmapper feature index 591
feat_0592,integer,,Pmapper feature index 592
feat_0593,integer,,Pmapper feature index 593
feat_0594,integer,,Pmapper feature index 594
feat_0595,integer,,Pmapper feature index 595
feat_0596,integer,,Pmapper feature index 596
feat_0597,integer,,Pmapper feature index 597
feat_0598,integer,,Pmapper feature index 598
feat_0599,integer,,Pmapper feature index 599
feat_0600,integer,,Pmapper feature index 600
feat_0601,integer,,Pmapper feature index 601
feat_0602,integer,,Pmapper feature index 602
feat_0603,integer,,Pmapper feature index 603
feat_0604,integer,,Pmapper feature index 604
feat_0605,integer,,Pmapper feature index 605
feat_0606,integer,,Pmapper feature index 606
feat_0607,integer,,Pmapper feature index 607
feat_0608,integer,,Pmapper feature index 608
feat_0609,integer,,Pmapper feature index 609
feat_0610,integer,,Pmapper feature index 610
feat_0611,integer,,Pmapper feature index 611
feat_0612,integer,,Pmapper feature index 612
feat_0613,integer,,Pmapper feature index 613
feat_0614,integer,,Pmapper feature index 614
feat_0615,integer,,Pmapper feature index 615
feat_0616,integer,,Pmapper feature index 616
feat_0617,integer,,Pmapper feature index 617
feat_0618,integer,,Pmapper feature index 618
feat_0619,integer,,Pmapper feature index 619
feat_0620,integer,,Pmapper feature index 620
feat_0621,integer,,Pmapper feature index 621
feat_0622,integer,,Pmapper feature index 622
feat_0623,integer,,Pmapper feature index 623
feat_0624,integer,,Pmapper feature index 624
feat_0625,integer,,Pmapper feature index 625
feat_0626,integer,,Pmapper feature index 626
feat_0627,integer,,Pmapper feature index 627
feat_0628,integer,,Pmapper feature index 628
feat_0629,integer,,Pmapper feature index 629
feat_0630,integer,,Pmapper feature index 630
feat_0631,integer,,Pmapper feature index 631
feat_0632,integer,,Pmapper feature index 632
feat_0633,integer,,Pmapper feature index 633
feat_0634,integer,,Pmapper feature index 634
feat_0635,integer,,Pmapper feature index 635
feat_0636,integer,,Pmapper feature index 636
feat_0637,integer,,Pmapper feature index 637
feat_0638,integer,,Pmapper feature index 638
feat_0639,integer,,Pmapper feature index 639
feat_0640,integer,,Pmapper feature index 640
feat_0641,integer,,Pmapper feature index 641
feat_0642,integer,,Pmapper feature index 642
feat_0643,integer,,Pmapper feature index 643
feat_0644,integer,,Pmapper feature index 644
feat_0645,integer,,Pmapper feature index 645
feat_0646,integer,,Pmapper feature index 646
feat_0647,integer,,Pmapper feature index 647
feat_0648,integer,,Pmapper feature index 648
feat_0649,integer,,Pmapper feature index 649
feat_0650,integer,,Pmapper feature index 650
feat_0651,integer,,Pmapper feature index 651
feat_0652,integer,,Pmapper feature index 652
feat_0653,integer,,Pmapper feature index 653
feat_0654,integer,,Pmapper feature index 654
feat_0655,integer,,Pmapper feature index 655
feat_0656,integer,,Pmapper feature index 656
feat_0657,integer,,Pmapper feature index 657
feat_0658,integer,,Pmapper feature index 658
feat_0659,integer,,Pmapper feature index 659
feat_0660,integer,,Pmapper feature index 660
feat_0661,integer,,Pmapper feature index 661
feat_0662,integer,,Pmapper feature index 662
feat_0663,integer,,Pmapper feature index 663
feat_0664,integer,,Pmapper feature index 664
feat_0665,integer,,Pmapper feature index 665
feat_0666,integer,,Pmapper feature index 666
feat_0667,integer,,Pmapper feature index 667
feat_0668,integer,,Pmapper feature index 668
feat_0669,integer,,Pmapper feature index 669
feat_0670,integer,,Pmapper feature index 670
feat_0671,integer,,Pmapper feature index 671
feat_0672,integer,,Pmapper feature index 672
feat_0673,integer,,Pmapper feature index 673
feat_0674,integer,,Pmapper feature index 674
feat_0675,integer,,Pmapper feature index 675
feat_0676,integer,,Pmapper feature index 676
feat_0677,integer,,Pmapper feature index 677
feat_0678,integer,,Pmapper feature index 678
feat_0679,integer,,Pmapper feature index 679
feat_0680,integer,,Pmapper feature index 680
feat_0681,integer,,Pmapper feature index 681
feat_0682,integer,,Pmapper feature index 682
feat_0683,integer,,Pmapper feature index 683
feat_0684,integer,,Pmapper feature index 684
feat_0685,integer,,Pmapper feature index 685
feat_0686,integer,,Pmapper feature index 686
feat_0687,integer,,Pmapper feature index 687
feat_0688,integer,,Pmapper feature index 688
feat_0689,integer,,Pmapper feature index 689
feat_0690,integer,,Pmapper feature index 690
feat_0691,integer,,Pmapper feature index 691
feat_0692,integer,,Pmapper feature index 692
feat_0693,integer,,Pmapper feature index 693
feat_0694,integer,,Pmapper feature index 694
feat_0695,integer,,Pmapper feature index 695
feat_0696,integer,,Pmapper feature index 696
feat_0697,integer,,Pmapper feature index 697
feat_0698,integer,,Pmapper feature index 698
feat_0699,integer,,Pmapper feature index 699
feat_0700,integer,,Pmapper feature index 700
feat_0701,integer,,Pmapper feature index 701
feat_0702,integer,,Pmapper feature index 702
feat_0703,integer,,Pmapper feature index 703
feat_0704,integer,,Pmapper feature index 704
feat_0705,integer,,Pmapper feature index 705
feat_0706,integer,,Pmapper feature index 706
feat_0707,integer,,Pmapper feature index 707
feat_0708,integer,,Pmapper feature index 708
feat_0709,integer,,Pmapper feature index 709
feat_0710,integer,,Pmapper feature index 710
feat_0711,integer,,Pmapper feature index 711
feat_0712,integer,,Pmapper feature index 712
feat_0713,integer,,Pmapper feature index 713
feat_0714,integer,,Pmapper feature index 714
feat_0715,integer,,Pmapper feature index 715
feat_0716,integer,,Pmapper feature index 716
feat_0717,integer,,Pmapper feature index 717
feat_0718,integer,,Pmapper feature index 718
feat_0719,integer,,Pmapper feature index 719
feat_0720,integer,,Pmapper feature index 720
feat_0721,integer,,Pmapper feature index 721
feat_0722,integer,,Pmapper feature index 722
feat_0723,integer,,Pmapper feature index 723
feat_0724,integer,,Pmapper feature index 724
feat_0725,integer,,Pmapper feature index 725
feat_0726,integer,,Pmapper feature index 726
feat_0727,integer,,Pmapper feature index 727
feat_0728,integer,,Pmapper feature index 728
feat_0729,integer,,Pmapper feature index 729
feat_0730,integer,,Pmapper feature index 730
feat_0731,integer,,Pmapper feature index 731
feat_0732,integer,,Pmapper feature index 732
feat_0733,integer,,Pmapper feature index 733
feat_0734,integer,,Pmapper feature index 734
feat_0735,integer,,Pmapper feature index 735
feat_0736,integer,,Pmapper feature index 736
feat_0737,integer,,Pmapper feature index 737
feat_0738,integer,,Pmapper feature index 738
feat_0739,integer,,Pmapper feature index 739
feat_0740,integer,,Pmapper feature index 740
feat_0741,integer,,Pmapper feature index 741
feat_0742,integer,,Pmapper feature index 742
feat_0743,integer,,Pmapper feature index 743
feat_0744,integer,,Pmapper feature index 744
feat_0745,integer,,Pmapper feature index 745
feat_0746,integer,,Pmapper feature index 746
feat_0747,integer,,Pmapper feature index 747
feat_0748,integer,,Pmapper feature index 748
feat_0749,integer,,Pmapper feature index 749
feat_0750,integer,,Pmapper feature index 750
feat_0751,integer,,Pmapper feature index 751
feat_0752,integer,,Pmapper feature index 752
feat_0753,integer,,Pmapper feature index 753
feat_0754,integer,,Pmapper feature index 754
feat_0755,integer,,Pmapper feature index 755
feat_0756,integer,,Pmapper feature index 756
feat_0757,integer,,Pmapper feature index 757
feat_0758,integer,,Pmapper feature index 758
feat_0759,integer,,Pmapper feature index 759
feat_0760,integer,,Pmapper feature index 760
feat_0761,integer,,Pmapper feature index 761
feat_0762,integer,,Pmapper feature index 762
feat_0763,integer,,Pmapper feature index 763
feat_0764,integer,,Pmapper feature index 764
feat_0765,integer,,Pmapper feature index 765
feat_0766,integer,,Pmapper feature index 766
feat_0767,integer,,Pmapper feature index 767
feat_0768,integer,,Pmapper feature index 768
feat_0769,integer,,Pmapper feature index 769
feat_0770,integer,,Pmapper feature index 770
feat_0771,integer,,Pmapper feature index 771
feat_0772,integer,,Pmapper feature index 772
feat_0773,integer,,Pmapper feature index 773
feat_0774,integer,,Pmapper feature index 774
feat_0775,integer,,Pmapper feature index 775
feat_0776,integer,,Pmapper feature index 776
feat_0777,integer,,Pmapper feature index 777
feat_0778,integer,,Pmapper feature index 778
feat_0779,integer,,Pmapper feature index 779
feat_0780,integer,,Pmapper feature index 780
feat_0781,integer,,Pmapper feature index 781
feat_0782,integer,,Pmapper feature index 782
feat_0783,integer,,Pmapper feature index 783
feat_0784,integer,,Pmapper feature index 784
feat_0785,integer,,Pmapper feature index 785
feat_0786,integer,,Pmapper feature index 786
feat_0787,integer,,Pmapper feature index 787
feat_0788,integer,,Pmapper feature index 788
feat_0789,integer,,Pmapper feature index 789
feat_0790,integer,,Pmapper feature index 790
feat_0791,integer,,Pmapper feature index 791
feat_0792,integer,,Pmapper feature index 792
feat_0793,integer,,Pmapper feature index 793
feat_0794,integer,,Pmapper feature index 794
feat_0795,integer,,Pmapper feature index 795
feat_0796,integer,,Pmapper feature index 796
feat_0797,integer,,Pmapper feature index 797
feat_0798,integer,,Pmapper feature index 798
feat_0799,integer,,Pmapper feature index 799
feat_0800,integer,,Pmapper feature index 800
feat_0801,integer,,Pmapper feature index 801
feat_0802,integer,,Pmapper feature index 802
feat_0803,integer,,Pmapper feature index 803
feat_0804,integer,,Pmapper feature index 804
feat_0805,integer,,Pmapper feature index 805
feat_0806,integer,,Pmapper feature index 806
feat_0807,integer,,Pmapper feature index 807
feat_0808,integer,,Pmapper feature index 808
feat_0809,integer,,Pmapper feature index 809
feat_0810,integer,,Pmapper feature index 810
feat_0811,integer,,Pmapper feature index 811
feat_0812,integer,,Pmapper feature index 812
feat_0813,integer,,Pmapper feature index 813
feat_0814,integer,,Pmapper feature index 814
feat_0815,integer,,Pmapper feature index 815
feat_0816,integer,,Pmapper feature index 816
feat_0817,integer,,Pmapper feature index 817
feat_0818,integer,,Pmapper feature index 818
feat_0819,integer,,Pmapper feature index 819
feat_0820,integer,,Pmapper feature index 820
feat_0821,integer,,Pmapper feature index 821
feat_0822,integer,,Pmapper feature index 822
feat_0823,integer,,Pmapper feature index 823
feat_0824,integer,,Pmapper feature index 824
feat_0825,integer,,Pmapper feature index 825
feat_0826,integer,,Pmapper feature index 826
feat_0827,integer,,Pmapper feature index 827
feat_0828,integer,,Pmapper feature index 828
feat_0829,integer,,Pmapper feature index 829
feat_0830,integer,,Pmapper feature index 830
feat_0831,integer,,Pmapper feature index 831
feat_0832,integer,,Pmapper feature index 832
feat_0833,integer,,Pmapper feature index 833
feat_0834,integer,,Pmapper feature index 834
feat_0835,integer,,Pmapper feature index 835
feat_0836,integer,,Pmapper feature index 836
feat_0837,integer,,Pmapper feature index 837
feat_0838,integer,,Pmapper feature index 838
feat_0839,integer,,Pmapper feature index 839
feat_0840,integer,,Pmapper feature index 840
feat_0841,integer,,Pmapper feature index 841
feat_0842,integer,,Pmapper feature index 842
feat_0843,integer,,Pmapper feature index 843
feat_0844,integer,,Pmapper feature index 844
feat_0845,integer,,Pmapper feature index 845
feat_0846,integer,,Pmapper feature index 846
feat_0847,integer,,Pmapper feature index 847
feat_0848,integer,,Pmapper feature index 848
feat_0849,integer,,Pmapper feature index 849
feat_0850,integer,,Pmapper feature index 850
feat_0851,integer,,Pmapper feature index 851
feat_0852,integer,,Pmapper feature index 852
feat_0853,integer,,Pmapper feature index 853
feat_0854,integer,,Pmapper feature index 854
feat_0855,integer,,Pmapper feature index 855
feat_0856,integer,,Pmapper feature index 856
feat_0857,integer,,Pmapper feature index 857
feat_0858,integer,,Pmapper feature index 858
feat_0859,integer,,Pmapper feature index 859
feat_0860,integer,,Pmapper feature index 860
feat_0861,integer,,Pmapper feature index 861
feat_0862,integer,,Pmapper feature index 862
feat_0863,integer,,Pmapper feature index 863
feat_0864,integer,,Pmapper feature index 864
feat_0865,integer,,Pmapper feature index 865
feat_0866,integer,,Pmapper feature index 866
feat_0867,integer,,Pmapper feature index 867
feat_0868,integer,,Pmapper feature index 868
feat_0869,integer,,Pmapper feature index 869
feat_0870,integer,,Pmapper feature index 870
feat_0871,integer,,Pmapper feature index 871
feat_0872,integer,,Pmapper feature index 872
feat_0873,integer,,Pmapper feature index 873
feat_0874,integer,,Pmapper feature index 874
feat_0875,integer,,Pmapper feature index 875
feat_0876,integer,,Pmapper feature index 876
feat_0877,integer,,Pmapper feature index 877
feat_0878,integer,,Pmapper feature index 878
feat_0879,integer,,Pmapper feature index 879
feat_0880,integer,,Pmapper feature index 880
feat_0881,integer,,Pmapper feature index 881
feat_0882,integer,,Pmapper feature index 882
feat_0883,integer,,Pmapper feature index 883
feat_0884,integer,,Pmapper feature index 884
feat_0885,integer,,Pmapper feature index 885
feat_0886,integer,,Pmapper feature index 886
feat_0887,integer,,Pmapper feature index 887
feat_0888,integer,,Pmapper feature index 888
feat_0889,integer,,Pmapper feature index 889
feat_0890,integer,,Pmapper feature index 890
feat_0891,integer,,Pmapper feature index 891
feat_0892,integer,,Pmapper feature index 892
feat_0893,integer,,Pmapper feature index 893
feat_0894,integer,,Pmapper feature index 894
feat_0895,integer,,Pmapper feature index 895
feat_0896,integer,,Pmapper feature index 896
feat_0897,integer,,Pmapper feature index 897
feat_0898,integer,,Pmapper feature index 898
feat_0899,integer,,Pmapper feature index 899
feat_0900,integer,,Pmapper feature index 900
feat_0901,integer,,Pmapper feature index 901
feat_0902,integer,,Pmapper feature index 902
feat_0903,integer,,Pmapper feature index 903
feat_0904,integer,,Pmapper feature index 904
feat_0905,integer,,Pmapper feature index 905
feat_0906,integer,,Pmapper feature index 906
feat_0907,integer,,Pmapper feature index 907
feat_0908,integer,,Pmapper feature index 908
feat_0909,integer,,Pmapper feature index 909
feat_0910,integer,,Pmapper feature index 910
feat_0911,integer,,Pmapper feature index 911
feat_0912,integer,,Pmapper feature index 912
feat_0913,integer,,Pmapper feature index 913
feat_0914,integer,,Pmapper feature index 914
feat_0915,integer,,Pmapper feature index 915
feat_0916,integer,,Pmapper feature index 916
feat_0917,integer,,Pmapper feature index 917
feat_0918,integer,,Pmapper feature index 918
feat_0919,integer,,Pmapper feature index 919
feat_0920,integer,,Pmapper feature index 920
feat_0921,integer,,Pmapper feature index 921
feat_0922,integer,,Pmapper feature index 922
feat_0923,integer,,Pmapper feature index 923
feat_0924,integer,,Pmapper feature index 924
feat_0925,integer,,Pmapper feature index 925
feat_0926,integer,,Pmapper feature index 926
feat_0927,integer,,Pmapper feature index 927
feat_0928,integer,,Pmapper feature index 928
feat_0929,integer,,Pmapper feature index 929
feat_0930,integer,,Pmapper feature index 930
feat_0931,integer,,Pmapper feature index 931
feat_0932,integer,,Pmapper feature index 932
feat_0933,integer,,Pmapper feature index 933
feat_0934,integer,,Pmapper feature index 934
feat_0935,integer,,Pmapper feature index 935
feat_0936,integer,,Pmapper feature index 936
feat_0937,integer,,Pmapper feature index 937
feat_0938,integer,,Pmapper feature index 938
feat_0939,integer,,Pmapper feature index 939
feat_0940,integer,,Pmapper feature index 940
feat_0941,integer,,Pmapper feature index 941
feat_0942,integer,,Pmapper feature index 942
feat_0943,integer,,Pmapper feature index 943
feat_0944,integer,,Pmapper feature index 944
feat_0945,integer,,Pmapper feature index 945
feat_0946,integer,,Pmapper feature index 946
feat_0947,integer,,Pmapper feature index 947
feat_0948,integer,,Pmapper feature index 948
feat_0949,integer,,Pmapper feature index 949
feat_0950,integer,,Pmapper feature index 950
feat_0951,integer,,Pmapper feature index 951
feat_0952,integer,,Pmapper feature index 952
feat_0953,integer,,Pmapper feature index 953
feat_0954,integer,,Pmapper feature index 954
feat_0955,integer,,Pmapper feature index 955
feat_0956,integer,,Pmapper feature index 956
feat_0957,integer,,Pmapper feature index 957
feat_0958,integer,,Pmapper feature index 958
feat_0959,integer,,Pmapper feature index 959
feat_0960,integer,,Pmapper feature index 960
feat_0961,integer,,Pmapper feature index 961
feat_0962,integer,,Pmapper feature index 962
feat_0963,integer,,Pmapper feature index 963
feat_0964,integer,,Pmapper feature index 964
feat_0965,integer,,Pmapper feature index 965
feat_0966,integer,,Pmapper feature index 966
feat_0967,integer,,Pmapper feature index 967
feat_0968,integer,,Pmapper feature index 968
feat_0969,integer,,Pmapper feature index 969
feat_0970,integer,,Pmapper feature index 970
feat_0971,integer,,Pmapper feature index 971
feat_0972,integer,,Pmapper feature index 972
feat_0973,integer,,Pmapper feature index 973
feat_0974,integer,,Pmapper feature index 974
feat_0975,integer,,Pmapper feature index 975
feat_0976,integer,,Pmapper feature index 976
feat_0977,integer,,Pmapper feature index 977
feat_0978,integer,,Pmapper feature index 978
feat_0979,integer,,Pmapper feature index 979
feat_0980,integer,,Pmapper feature index 980
feat_0981,integer,,Pmapper feature index 981
feat_0982,integer,,Pmapper feature index 982
feat_0983,integer,,Pmapper feature index 983
feat_0984,integer,,Pmapper feature index 984
feat_0985,integer,,Pmapper feature index 985
feat_0986,integer,,Pmapper feature index 986
feat_0987,integer,,Pmapper feature index 987
feat_0988,integer,,Pmapper feature index 988
feat_0989,integer,,Pmapper feature index 989
feat_0990,integer,,Pmapper feature index 990
feat_0991,integer,,Pmapper feature index 991
feat_0992,integer,,Pmapper feature index 992
feat_0993,integer,,Pmapper feature index 993
feat_0994,integer,,Pmapper feature index 994
feat_0995,integer,,Pmapper feature index 995
feat_0996,integer,,Pmapper feature index 996
feat_0997,integer,,Pmapper feature index 997
feat_0998,integer,,Pmapper feature index 998
feat_0999,integer,,Pmapper feature index 999
feat_1000,integer,,Pmapper feature index 1000
feat_1001,integer,,Pmapper feature index 1001
feat_1002,integer,,Pmapper feature index 1002
feat_1003,integer,,Pmapper feature index 1003
feat_1004,integer,,Pmapper feature index 1004
feat_1005,integer,,Pmapper feature index 1005
feat_1006,integer,,Pmapper feature index 1006
feat_1007,integer,,Pmapper feature index 1007
feat_1008,integer,,Pmapper feature index 1008
feat_1009,integer,,Pmapper feature index 1009
feat_1010,integer,,Pmapper feature index 1010
feat_1011,integer,,Pmapper feature index 1011
feat_1012,integer,,Pmapper feature index 1012
feat_1013,integer,,Pmapper feature index 1013
feat_1014,integer,,Pmapper feature index 1014
feat_1015,integer,,Pmapper feature index 1015
feat_1016,integer,,Pmapper feature index 1016
feat_1017,integer,,Pmapper feature index 1017
feat_1018,integer,,Pmapper feature index 1018
feat_1019,integer,,Pmapper feature index 1019
feat_1020,integer,,Pmapper feature index 1020
feat_1021,integer,,Pmapper feature index 1021
feat_1022,integer,,Pmapper feature index 1022
feat_1023,integer,,Pmapper feature index 1023
feat_1024,integer,,Pmapper feature index 1024
feat_1025,integer,,Pmapper feature index 1025
feat_1026,integer,,Pmapper feature index 1026
feat_1027,integer,,Pmapper feature index 1027
feat_1028,integer,,Pmapper feature index 1028
feat_1029,integer,,Pmapper feature index 1029
feat_1030,integer,,Pmapper feature index 1030
feat_1031,integer,,Pmapper feature index 1031
feat_1032,integer,,Pmapper feature index 1032
feat_1033,integer,,Pmapper feature index 1033
feat_1034,integer,,Pmapper feature index 1034
feat_1035,integer,,Pmapper feature index 1035
feat_1036,integer,,Pmapper feature index 1036
feat_1037,integer,,Pmapper feature index 1037
feat_1038,integer,,Pmapper feature index 1038
feat_1039,integer,,Pmapper feature index 1039
feat_1040,integer,,Pmapper feature index 1040
feat_1041,integer,,Pmapper feature index 1041
feat_1042,integer,,Pmapper feature index 1042
feat_1043,integer,,Pmapper feature index 1043
feat_1044,integer,,Pmapper feature index 1044
feat_1045,integer,,Pmapper feature index 1045
feat_1046,integer,,Pmapper feature index 1046
feat_1047,integer,,Pmapper feature index 1047
feat_1048,integer,,Pmapper feature index 1048
feat_1049,integer,,Pmapper feature index 1049
feat_1050,integer,,Pmapper feature index 1050
feat_1051,integer,,Pmapper feature index 1051
feat_1052,integer,,Pmapper feature index 1052
feat_1053,integer,,Pmapper feature index 1053
feat_1054,integer,,Pmapper feature index 1054
feat_1055,integer,,Pmapper feature index 1055
feat_1056,integer,,Pmapper feature index 1056
feat_1057,integer,,Pmapper feature index 1057
feat_1058,integer,,Pmapper feature index 1058
feat_1059,integer,,Pmapper feature index 1059
feat_1060,integer,,Pmapper feature index 1060
feat_1061,integer,,Pmapper feature index 1061
feat_1062,integer,,Pmapper feature index 1062
feat_1063,integer,,Pmapper feature index 1063
feat_1064,integer,,Pmapper feature index 1064
feat_1065,integer,,Pmapper feature index 1065
feat_1066,integer,,Pmapper feature index 1066
feat_1067,integer,,Pmapper feature index 1067
feat_1068,integer,,Pmapper feature index 1068
feat_1069,integer,,Pmapper feature index 1069
feat_1070,integer,,Pmapper feature index 1070
feat_1071,integer,,Pmapper feature index 1071
feat_1072,integer,,Pmapper feature index 1072
feat_1073,integer,,Pmapper feature index 1073
feat_1074,integer,,Pmapper feature index 1074
feat_1075,integer,,Pmapper feature index 1075
feat_1076,integer,,Pmapper feature index 1076
feat_1077,integer,,Pmapper feature index 1077
feat_1078,integer,,Pmapper feature index 1078
feat_1079,integer,,Pmapper feature index 1079
feat_1080,integer,,Pmapper feature index 1080
feat_1081,integer,,Pmapper feature index 1081
feat_1082,integer,,Pmapper feature index 1082
feat_1083,integer,,Pmapper feature index 1083
feat_1084,integer,,Pmapper feature index 1084
feat_1085,integer,,Pmapper feature index 1085
feat_1086,integer,,Pmapper feature index 1086
feat_1087,integer,,Pmapper feature index 1087
feat_1088,integer,,Pmapper feature index 1088
feat_1089,integer,,Pmapper feature index 1089
feat_1090,integer,,Pmapper feature index 1090
feat_1091,integer,,Pmapper feature index 1091
feat_1092,integer,,Pmapper feature index 1092
feat_1093,integer,,Pmapper feature index 1093
feat_1094,integer,,Pmapper feature index 1094
feat_1095,integer,,Pmapper feature index 1095
feat_1096,integer,,Pmapper feature index 1096
feat_1097,integer,,Pmapper feature index 1097
feat_1098,integer,,Pmapper feature index 1098
feat_1099,integer,,Pmapper feature index 1099
feat_1100,integer,,Pmapper feature index 1100
feat_1101,integer,,Pmapper feature index 1101
feat_1102,integer,,Pmapper feature index 1102
feat_1103,integer,,Pmapper feature index 1103
feat_1104,integer,,Pmapper feature index 1104
feat_1105,integer,,Pmapper feature index 1105
feat_1106,integer,,Pmapper feature index 1106
feat_1107,integer,,Pmapper feature index 1107
feat_1108,integer,,Pmapper feature index 1108
feat_1109,integer,,Pmapper feature index 1109
feat_1110,integer,,Pmapper feature index 1110
feat_1111,integer,,Pmapper feature index 1111
feat_1112,integer,,Pmapper feature index 1112
feat_1113,integer,,Pmapper feature index 1113
feat_1114,integer,,Pmapper feature index 1114
feat_1115,integer,,Pmapper feature index 1115
feat_1116,integer,,Pmapper feature index 1116
feat_1117,integer,,Pmapper feature index 1117
feat_1118,integer,,Pmapper feature index 1118
feat_1119,integer,,Pmapper feature index 1119
feat_1120,integer,,Pmapper feature index 1120
feat_1121,integer,,Pmapper feature index 1121
feat_1122,integer,,Pmapper feature index 1122
feat_1123,integer,,Pmapper feature index 1123
feat_1124,integer,,Pmapper feature index 1124
feat_1125,integer,,Pmapper feature index 1125
feat_1126,integer,,Pmapper feature index 1126
feat_1127,integer,,Pmapper feature index 1127
feat_1128,integer,,Pmapper feature index 1128
feat_1129,integer,,Pmapper feature index 1129
feat_1130,integer,,Pmapper feature index 1130
feat_1131,integer,,Pmapper feature index 1131
feat_1132,integer,,Pmapper feature index 1132
feat_1133,integer,,Pmapper feature index 1133
feat_1134,integer,,Pmapper feature index 1134
feat_1135,integer,,Pmapper feature index 1135
feat_1136,integer,,Pmapper feature index 1136
feat_1137,integer,,Pmapper feature index 1137
feat_1138,integer,,Pmapper feature index 1138
feat_1139,integer,,Pmapper feature index 1139
feat_1140,integer,,Pmapper feature index 1140
feat_1141,integer,,Pmapper feature index 1141
feat_1142,integer,,Pmapper feature index 1142
feat_1143,integer,,Pmapper feature index 1143
feat_1144,integer,,Pmapper feature index 1144
feat_1145,integer,,Pmapper feature index 1145
feat_1146,integer,,Pmapper feature index 1146
feat_1147,integer,,Pmapper feature index 1147
feat_1148,integer,,Pmapper feature index 1148
feat_1149,integer,,Pmapper feature index 1149
feat_1150,integer,,Pmapper feature index 1150
feat_1151,integer,,Pmapper feature index 1151
feat_1152,integer,,Pmapper feature index 1152
feat_1153,integer,,Pmapper feature index 1153
feat_1154,integer,,Pmapper feature index 1154
feat_1155,integer,,Pmapper feature index 1155
feat_1156,integer,,Pmapper feature index 1156
feat_1157,integer,,Pmapper feature index 1157
feat_1158,integer,,Pmapper feature index 1158
feat_1159,integer,,Pmapper feature index 1159
feat_1160,integer,,Pmapper feature index 1160
feat_1161,integer,,Pmapper feature index 1161
feat_1162,integer,,Pmapper feature index 1162
feat_1163,integer,,Pmapper feature index 1163
feat_1164,integer,,Pmapper feature index 1164
feat_1165,integer,,Pmapper feature index 1165
feat_1166,integer,,Pmapper feature index 1166
feat_1167,integer,,Pmapper feature index 1167
feat_1168,integer,,Pmapper feature index 1168
feat_1169,integer,,Pmapper feature index 1169
feat_1170,integer,,Pmapper feature index 1170
feat_1171,integer,,Pmapper feature index 1171
feat_1172,integer,,Pmapper feature index 1172
feat_1173,integer,,Pmapper feature index 1173
feat_1174,integer,,Pmapper feature index 1174
feat_1175,integer,,Pmapper feature index 1175
feat_1176,integer,,Pmapper feature index 1176
feat_1177,integer,,Pmapper feature index 1177
feat_1178,integer,,Pmapper feature index 1178
feat_1179,integer,,Pmapper feature index 1179
feat_1180,integer,,Pmapper feature index 1180
feat_1181,integer,,Pmapper feature index 1181
feat_1182,integer,,Pmapper feature index 1182
feat_1183,integer,,Pmapper feature index 1183
feat_1184,integer,,Pmapper feature index 1184
feat_1185,integer,,Pmapper feature index 1185
feat_1186,integer,,Pmapper feature index 1186
feat_1187,integer,,Pmapper feature index 1187
feat_1188,integer,,Pmapper feature index 1188
feat_1189,integer,,Pmapper feature index 1189
feat_1190,integer,,Pmapper feature index 1190
feat_1191,integer,,Pmapper feature index 1191
feat_1192,integer,,Pmapper feature index 1192
feat_1193,integer,,Pmapper feature index 1193
feat_1194,integer,,Pmapper feature index 1194
feat_1195,integer,,Pmapper feature index 1195
feat_1196,integer,,Pmapper feature index 1196
feat_1197,integer,,Pmapper feature index 1197
feat_1198,integer,,Pmapper feature index 1198
feat_1199,integer,,Pmapper feature index 1199
feat_1200,integer,,Pmapper feature index 1200
feat_1201,integer,,Pmapper feature index 1201
feat_1202,integer,,Pmapper feature index 1202
feat_1203,integer,,Pmapper feature index 1203
feat_1204,integer,,Pmapper feature index 1204
feat_1205,integer,,Pmapper feature index 1205
feat_1206,integer,,Pmapper feature index 1206
feat_1207,integer,,Pmapper feature index 1207
feat_1208,integer,,Pmapper feature index 1208
feat_1209,integer,,Pmapper feature index 1209
feat_1210,integer,,Pmapper feature index 1210
feat_1211,integer,,Pmapper feature index 1211
feat_1212,integer,,Pmapper feature index 1212
feat_1213,integer,,Pmapper feature index 1213
feat_1214,integer,,Pmapper feature index 1214
feat_1215,integer,,Pmapper feature index 1215
feat_1216,integer,,Pmapper feature index 1216
feat_1217,integer,,Pmapper feature index 1217
feat_1218,integer,,Pmapper feature index 1218
feat_1219,integer,,Pmapper feature index 1219
feat_1220,integer,,Pmapper feature index 1220
feat_1221,integer,,Pmapper feature index 1221
feat_1222,integer,,Pmapper feature index 1222
feat_1223,integer,,Pmapper feature index 1223
feat_1224,integer,,Pmapper feature index 1224
feat_1225,integer,,Pmapper feature index 1225
feat_1226,integer,,Pmapper feature index 1226
feat_1227,integer,,Pmapper feature index 1227
feat_1228,integer,,Pmapper feature index 1228
feat_1229,integer,,Pmapper feature index 1229
feat_1230,integer,,Pmapper feature index 1230
feat_1231,integer,,Pmapper feature index 1231
feat_1232,integer,,Pmapper feature index 1232
feat_1233,integer,,Pmapper feature index 1233
feat_1234,integer,,Pmapper feature index 1234
feat_1235,integer,,Pmapper feature index 1235
feat_1236,integer,,Pmapper feature index 1236
feat_1237,integer,,Pmapper feature index 1237
feat_1238,integer,,Pmapper feature index 1238
feat_1239,integer,,Pmapper feature index 1239
feat_1240,integer,,Pmapper feature index 1240
feat_1241,integer,,Pmapper feature index 1241
feat_1242,integer,,Pmapper feature index 1242
feat_1243,integer,,Pmapper feature index 1243
feat_1244,integer,,Pmapper feature index 1244
feat_1245,integer,,Pmapper feature index 1245
feat_1246,integer,,Pmapper feature index 1246
feat_1247,integer,,Pmapper feature index 1247
feat_1248,integer,,Pmapper feature index 1248
feat_1249,integer,,Pmapper feature index 1249
feat_1250,integer,,Pmapper feature index 1250
feat_1251,integer,,Pmapper feature index 1251
feat_1252,integer,,Pmapper feature index 1252
feat_1253,integer,,Pmapper feature index 1253
feat_1254,integer,,Pmapper feature index 1254
feat_1255,integer,,Pmapper feature index 1255
feat_1256,integer,,Pmapper feature index 1256
feat_1257,integer,,Pmapper feature index 1257
feat_1258,integer,,Pmapper feature index 1258
feat_1259,integer,,Pmapper feature index 1259
feat_1260,integer,,Pmapper feature index 1260
feat_1261,integer,,Pmapper feature index 1261
feat_1262,integer,,Pmapper feature index 1262
feat_1263,integer,,Pmapper feature index 1263
feat_1264,integer,,Pmapper feature index 1264
feat_1265,integer,,Pmapper feature index 1265
feat_1266,integer,,Pmapper feature index 1266
feat_1267,integer,,Pmapper feature index 1267
feat_1268,integer,,Pmapper feature index 1268
feat_1269,integer,,Pmapper feature index 1269
feat_1270,integer,,Pmapper feature index 1270
feat_1271,integer,,Pmapper feature index 1271
feat_1272,integer,,Pmapper feature index 1272
feat_1273,integer,,Pmapper feature index 1273
feat_1274,integer,,Pmapper feature index 1274
feat_1275,integer,,Pmapper feature index 1275
feat_1276,integer,,Pmapper feature index 1276
feat_1277,integer,,Pmapper feature index 1277
feat_1278,integer,,Pmapper feature index 1278
feat_1279,integer,,Pmapper feature index 1279
feat_1280,integer,,Pmapper feature index 1280
feat_1281,integer,,Pmapper feature index 1281
feat_1282,integer,,Pmapper feature index 1282
feat_1283,integer,,Pmapper feature index 1283
feat_1284,integer,,Pmapper feature index 1284
feat_1285,integer,,Pmapper feature index 1285
feat_1286,integer,,Pmapper feature index 1286
feat_1287,integer,,Pmapper feature index 1287
feat_1288,integer,,Pmapper feature index 1288
feat_1289,integer,,Pmapper feature index 1289
feat_1290,integer,,Pmapper feature index 1290
feat_1291,integer,,Pmapper feature index 1291
feat_1292,integer,,Pmapper feature index 1292
feat_1293,integer,,Pmapper feature index 1293
feat_1294,integer,,Pmapper feature index 1294
feat_1295,integer,,Pmapper feature index 1295
feat_1296,integer,,Pmapper feature index 1296
feat_1297,integer,,Pmapper feature index 1297
feat_1298,integer,,Pmapper feature index 1298
feat_1299,integer,,Pmapper feature index 1299
feat_1300,integer,,Pmapper feature index 1300
feat_1301,integer,,Pmapper feature index 1301
feat_1302,integer,,Pmapper feature index 1302
feat_1303,integer,,Pmapper feature index 1303
feat_1304,integer,,Pmapper feature index 1304
feat_1305,integer,,Pmapper feature index 1305
feat_1306,integer,,Pmapper feature index 1306
feat_1307,integer,,Pmapper feature index 1307
feat_1308,integer,,Pmapper feature index 1308
feat_1309,integer,,Pmapper feature index 1309
feat_1310,integer,,Pmapper feature index 1310
feat_1311,integer,,Pmapper feature index 1311
feat_1312,integer,,Pmapper feature index 1312
feat_1313,integer,,Pmapper feature index 1313
feat_1314,integer,,Pmapper feature index 1314
feat_1315,integer,,Pmapper feature index 1315
feat_1316,integer,,Pmapper feature index 1316
feat_1317,integer,,Pmapper feature index 1317
feat_1318,integer,,Pmapper feature index 1318
feat_1319,integer,,Pmapper feature index 1319
feat_1320,integer,,Pmapper feature index 1320
feat_1321,integer,,Pmapper feature index 1321
feat_1322,integer,,Pmapper feature index 1322
feat_1323,integer,,Pmapper feature index 1323
feat_1324,integer,,Pmapper feature index 1324
feat_1325,integer,,Pmapper feature index 1325
feat_1326,integer,,Pmapper feature index 1326
feat_1327,integer,,Pmapper feature index 1327
feat_1328,integer,,Pmapper feature index 1328
feat_1329,integer,,Pmapper feature index 1329
feat_1330,integer,,Pmapper feature index 1330
feat_1331,integer,,Pmapper feature index 1331
feat_1332,integer,,Pmapper feature index 1332
feat_1333,integer,,Pmapper feature index 1333
feat_1334,integer,,Pmapper feature index 1334
feat_1335,integer,,Pmapper feature index 1335
feat_1336,integer,,Pmapper feature index 1336
feat_1337,integer,,Pmapper feature index 1337
feat_1338,integer,,Pmapper feature index 1338
feat_1339,integer,,Pmapper feature index 1339
feat_1340,integer,,Pmapper feature index 1340
feat_1341,integer,,Pmapper feature index 1341
feat_1342,integer,,Pmapper feature index 1342
feat_1343,integer,,Pmapper feature index 1343
feat_1344,integer,,Pmapper feature index 1344
feat_1345,integer,,Pmapper feature index 1345
feat_1346,integer,,Pmapper feature index 1346
feat_1347,integer,,Pmapper feature index 1347
feat_1348,integer,,Pmapper feature index 1348
feat_1349,integer,,Pmapper feature index 1349
feat_1350,integer,,Pmapper feature index 1350
feat_1351,integer,,Pmapper feature index 1351
feat_1352,integer,,Pmapper feature index 1352
feat_1353,integer,,Pmapper feature index 1353
feat_1354,integer,,Pmapper feature index 1354
feat_1355,integer,,Pmapper feature index 1355
feat_1356,integer,,Pmapper feature index 1356
feat_1357,integer,,Pmapper feature index 1357
feat_1358,integer,,Pmapper feature index 1358
feat_1359,integer,,Pmapper feature index 1359
feat_1360,integer,,Pmapper feature index 1360
feat_1361,integer,,Pmapper feature index 1361
feat_1362,integer,,Pmapper feature index 1362
feat_1363,integer,,Pmapper feature index 1363
feat_1364,integer,,Pmapper feature index 1364
feat_1365,integer,,Pmapper feature index 1365
feat_1366,integer,,Pmapper feature index 1366
feat_1367,integer,,Pmapper feature index 1367
feat_1368,integer,,Pmapper feature index 1368
feat_1369,integer,,Pmapper feature index 1369
feat_1370,integer,,Pmapper feature index 1370
feat_1371,integer,,Pmapper feature index 1371
feat_1372,integer,,Pmapper feature index 1372
feat_1373,integer,,Pmapper feature index 1373
feat_1374,integer,,Pmapper feature index 1374
feat_1375,integer,,Pmapper feature index 1375
feat_1376,integer,,Pmapper feature index 1376
feat_1377,integer,,Pmapper feature index 1377
feat_1378,integer,,Pmapper feature index 1378
feat_1379,integer,,Pmapper feature index 1379
feat_1380,integer,,Pmapper feature index 1380
feat_1381,integer,,Pmapper feature index 1381
feat_1382,integer,,Pmapper feature index 1382
feat_1383,integer,,Pmapper feature index 1383
feat_1384,integer,,Pmapper feature index 1384
feat_1385,integer,,Pmapper feature index 1385
feat_1386,integer,,Pmapper feature index 1386
feat_1387,integer,,Pmapper feature index 1387
feat_1388,integer,,Pmapper feature index 1388
feat_1389,integer,,Pmapper feature index 1389
feat_1390,integer,,Pmapper feature index 1390
feat_1391,integer,,Pmapper feature index 1391
feat_1392,integer,,Pmapper feature index 1392
feat_1393,integer,,Pmapper feature index 1393
feat_1394,integer,,Pmapper feature index 1394
feat_1395,integer,,Pmapper feature index 1395
feat_1396,integer,,Pmapper feature index 1396
feat_1397,integer,,Pmapper feature index 1397
feat_1398,integer,,Pmapper feature index 1398
feat_1399,integer,,Pmapper feature index 1399
feat_1400,integer,,Pmapper feature index 1400
feat_1401,integer,,Pmapper feature index 1401
feat_1402,integer,,Pmapper feature index 1402
feat_1403,integer,,Pmapper feature index 1403
feat_1404,integer,,Pmapper feature index 1404
feat_1405,integer,,Pmapper feature index 1405
feat_1406,integer,,Pmapper feature index 1406
feat_1407,integer,,Pmapper feature index 1407
feat_1408,integer,,Pmapper feature index 1408
feat_1409,integer,,Pmapper feature index 1409
feat_1410,integer,,Pmapper feature index 1410
feat_1411,integer,,Pmapper feature index 1411
feat_1412,integer,,Pmapper feature index 1412
feat_1413,integer,,Pmapper feature index 1413
feat_1414,integer,,Pmapper feature index 1414
feat_1415,integer,,Pmapper feature index 1415
feat_1416,integer,,Pmapper feature index 1416
feat_1417,integer,,Pmapper feature index 1417
feat_1418,integer,,Pmapper feature index 1418
feat_1419,integer,,Pmapper feature index 1419
feat_1420,integer,,Pmapper feature index 1420
feat_1421,integer,,Pmapper feature index 1421
feat_1422,integer,,Pmapper feature index 1422
feat_1423,integer,,Pmapper feature index 1423
feat_1424,integer,,Pmapper feature index 1424
feat_1425,integer,,Pmapper feature index 1425
feat_1426,integer,,Pmapper feature index 1426
feat_1427,integer,,Pmapper feature index 1427
feat_1428,integer,,Pmapper feature index 1428
feat_1429,integer,,Pmapper feature index 1429
feat_1430,integer,,Pmapper feature index 1430
feat_1431,integer,,Pmapper feature index 1431
feat_1432,integer,,Pmapper feature index 1432
feat_1433,integer,,Pmapper feature index 1433
feat_1434,integer,,Pmapper feature index 1434
feat_1435,integer,,Pmapper feature index 1435
feat_1436,integer,,Pmapper feature index 1436
feat_1437,integer,,Pmapper feature index 1437
feat_1438,integer,,Pmapper feature index 1438
feat_1439,integer,,Pmapper feature index 1439
feat_1440,integer,,Pmapper feature index 1440
feat_1441,integer,,Pmapper feature index 1441
feat_1442,integer,,Pmapper feature index 1442
feat_1443,integer,,Pmapper feature index 1443
feat_1444,integer,,Pmapper feature index 1444
feat_1445,integer,,Pmapper feature index 1445
feat_1446,integer,,Pmapper feature index 1446
feat_1447,integer,,Pmapper feature index 1447
feat_1448,integer,,Pmapper feature index 1448
feat_1449,integer,,Pmapper feature index 1449
feat_1450,integer,,Pmapper feature index 1450
feat_1451,integer,,Pmapper feature index 1451
feat_1452,integer,,Pmapper feature index 1452
feat_1453,integer,,Pmapper feature index 1453
feat_1454,integer,,Pmapper feature index 1454
feat_1455,integer,,Pmapper feature index 1455
feat_1456,integer,,Pmapper feature index 1456
feat_1457,integer,,Pmapper feature index 1457
feat_1458,integer,,Pmapper feature index 1458
feat_1459,integer,,Pmapper feature index 1459
feat_1460,integer,,Pmapper feature index 1460
feat_1461,integer,,Pmapper feature index 1461
feat_1462,integer,,Pmapper feature index 1462
feat_1463,integer,,Pmapper feature index 1463
feat_1464,integer,,Pmapper feature index 1464
feat_1465,integer,,Pmapper feature index 1465
feat_1466,integer,,Pmapper feature index 1466
feat_1467,integer,,Pmapper feature index 1467
feat_1468,integer,,Pmapper feature index 1468
feat_1469,integer,,Pmapper feature index 1469
feat_1470,integer,,Pmapper feature index 1470
feat_1471,integer,,Pmapper feature index 1471
feat_1472,integer,,Pmapper feature index 1472
feat_1473,integer,,Pmapper feature index 1473
feat_1474,integer,,Pmapper feature index 1474
feat_1475,integer,,Pmapper feature index 1475
feat_1476,integer,,Pmapper feature index 1476
feat_1477,integer,,Pmapper feature index 1477
feat_1478,integer,,Pmapper feature index 1478
feat_1479,integer,,Pmapper feature index 1479
feat_1480,integer,,Pmapper feature index 1480
feat_1481,integer,,Pmapper feature index 1481
feat_1482,integer,,Pmapper feature index 1482
feat_1483,integer,,Pmapper feature index 1483
feat_1484,integer,,Pmapper feature index 1484
feat_1485,integer,,Pmapper feature index 1485
feat_1486,integer,,Pmapper feature index 1486
feat_1487,integer,,Pmapper feature index 1487
feat_1488,integer,,Pmapper feature index 1488
feat_1489,integer,,Pmapper feature index 1489
feat_1490,integer,,Pmapper feature index 1490
feat_1491,integer,,Pmapper feature index 1491
feat_1492,integer,,Pmapper feature index 1492
feat_1493,integer,,Pmapper feature index 1493
feat_1494,integer,,Pmapper feature index 1494
feat_1495,integer,,Pmapper feature index 1495
feat_1496,integer,,Pmapper feature index 1496
feat_1497,integer,,Pmapper feature index 1497
feat_1498,integer,,Pmapper feature index 1498
feat_1499,integer,,Pmapper feature index 1499
feat_1500,integer,,Pmapper feature index 1500
feat_1501,integer,,Pmapper feature index 1501
feat_1502,integer,,Pmapper feature index 1502
feat_1503,integer,,Pmapper feature index 1503
feat_1504,integer,,Pmapper feature index 1504
feat_1505,integer,,Pmapper feature index 1505
feat_1506,integer,,Pmapper feature index 1506
feat_1507,integer,,Pmapper feature index 1507
feat_1508,integer,,Pmapper feature index 1508
feat_1509,integer,,Pmapper feature index 1509
feat_1510,integer,,Pmapper feature index 1510
feat_1511,integer,,Pmapper feature index 1511
feat_1512,integer,,Pmapper feature index 1512
feat_1513,integer,,Pmapper feature index 1513
feat_1514,integer,,Pmapper feature index 1514
feat_1515,integer,,Pmapper feature index 1515
feat_1516,integer,,Pmapper feature index 1516
feat_1517,integer,,Pmapper feature index 1517
feat_1518,integer,,Pmapper feature index 1518
feat_1519,integer,,Pmapper feature index 1519
feat_1520,integer,,Pmapper feature index 1520
feat_1521,integer,,Pmapper feature index 1521
feat_1522,integer,,Pmapper feature index 1522
feat_1523,integer,,Pmapper feature index 1523
feat_1524,integer,,Pmapper feature index 1524
feat_1525,integer,,Pmapper feature index 1525
feat_1526,integer,,Pmapper feature index 1526
feat_1527,integer,,Pmapper feature index 1527
feat_1528,integer,,Pmapper feature index 1528
feat_1529,integer,,Pmapper feature index 1529
feat_1530,integer,,Pmapper feature index 1530
feat_1531,integer,,Pmapper feature index 1531
feat_1532,integer,,Pmapper feature index 1532
feat_1533,integer,,Pmapper feature index 1533
feat_1534,integer,,Pmapper feature index 1534
feat_1535,integer,,Pmapper feature index 1535
feat_1536,integer,,Pmapper feature index 1536
feat_1537,integer,,Pmapper feature index 1537
feat_1538,integer,,Pmapper feature index 1538
feat_1539,integer,,Pmapper feature index 1539
feat_1540,integer,,Pmapper feature index 1540
feat_1541,integer,,Pmapper feature index 1541
feat_1542,integer,,Pmapper feature index 1542
feat_1543,integer,,Pmapper feature index 1543
feat_1544,integer,,Pmapper feature index 1544
feat_1545,integer,,Pmapper feature index 1545
feat_1546,integer,,Pmapper feature index 1546
feat_1547,integer,,Pmapper feature index 1547
feat_1548,integer,,Pmapper feature index 1548
feat_1549,integer,,Pmapper feature index 1549
feat_1550,integer,,Pmapper feature index 1550
feat_1551,integer,,Pmapper feature index 1551
feat_1552,integer,,Pmapper feature index 1552
feat_1553,integer,,Pmapper feature index 1553
feat_1554,integer,,Pmapper feature index 1554
feat_1555,integer,,Pmapper feature index 1555
feat_1556,integer,,Pmapper feature index 1556
feat_1557,integer,,Pmapper feature index 1557
feat_1558,integer,,Pmapper feature index 1558
feat_1559,integer,,Pmapper feature index 1559
feat_1560,integer,,Pmapper feature index 1560
feat_1561,integer,,Pmapper feature index 1561
feat_1562,integer,,Pmapper feature index 1562
feat_1563,integer,,Pmapper feature index 1563
feat_1564,integer,,Pmapper feature index 1564
feat_1565,integer,,Pmapper feature index 1565
feat_1566,integer,,Pmapper feature index 1566
feat_1567,integer,,Pmapper feature index 1567
feat_1568,integer,,Pmapper feature index 1568
feat_1569,integer,,Pmapper feature index 1569
feat_1570,integer,,Pmapper feature index 1570
feat_1571,integer,,Pmapper feature index 1571
feat_1572,integer,,Pmapper feature index 1572
feat_1573,integer,,Pmapper feature index 1573
feat_1574,integer,,Pmapper feature index 1574
feat_1575,integer,,Pmapper feature index 1575
feat_1576,integer,,Pmapper feature index 1576
feat_1577,integer,,Pmapper feature index 1577
feat_1578,integer,,Pmapper feature index 1578
feat_1579,integer,,Pmapper feature index 1579
feat_1580,integer,,Pmapper feature index 1580
feat_1581,integer,,Pmapper feature index 1581
feat_1582,integer,,Pmapper feature index 1582
feat_1583,integer,,Pmapper feature index 1583
feat_1584,integer,,Pmapper feature index 1584
feat_1585,integer,,Pmapper feature index 1585
feat_1586,integer,,Pmapper feature index 1586
feat_1587,integer,,Pmapper feature index 1587
feat_1588,integer,,Pmapper feature index 1588
feat_1589,integer,,Pmapper feature index 1589
feat_1590,integer,,Pmapper feature index 1590
feat_1591,integer,,Pmapper feature index 1591
feat_1592,integer,,Pmapper feature index 1592
feat_1593,integer,,Pmapper feature index 1593
feat_1594,integer,,Pmapper feature index 1594
feat_1595,integer,,Pmapper feature index 1595
feat_1596,integer,,Pmapper feature index 1596
feat_1597,integer,,Pmapper feature index 1597
feat_1598,integer,,Pmapper feature index 1598
feat_1599,integer,,Pmapper feature index 1599
feat_1600,integer,,Pmapper feature index 1600
feat_1601,integer,,Pmapper feature index 1601
feat_1602,integer,,Pmapper feature index 1602
feat_1603,integer,,Pmapper feature index 1603
feat_1604,integer,,Pmapper feature index 1604
feat_1605,integer,,Pmapper feature index 1605
feat_1606,integer,,Pmapper feature index 1606
feat_1607,integer,,Pmapper feature index 1607
feat_1608,integer,,Pmapper feature index 1608
feat_1609,integer,,Pmapper feature index 1609
feat_1610,integer,,Pmapper feature index 1610
feat_1611,integer,,Pmapper feature index 1611
feat_1612,integer,,Pmapper feature index 1612
feat_1613,integer,,Pmapper feature index 1613
feat_1614,integer,,Pmapper feature index 1614
feat_1615,integer,,Pmapper feature index 1615
feat_1616,integer,,Pmapper feature index 1616
feat_1617,integer,,Pmapper feature index 1617
feat_1618,integer,,Pmapper feature index 1618
feat_1619,integer,,Pmapper feature index 1619
feat_1620,integer,,Pmapper feature index 1620
feat_1621,integer,,Pmapper feature index 1621
feat_1622,integer,,Pmapper feature index 1622
feat_1623,integer,,Pmapper feature index 1623
feat_1624,integer,,Pmapper feature index 1624
feat_1625,integer,,Pmapper feature index 1625
feat_1626,integer,,Pmapper feature index 1626
feat_1627,integer,,Pmapper feature index 1627
feat_1628,integer,,Pmapper feature index 1628
feat_1629,integer,,Pmapper feature index 1629
feat_1630,integer,,Pmapper feature index 1630
feat_1631,integer,,Pmapper feature index 1631
feat_1632,integer,,Pmapper feature index 1632
feat_1633,integer,,Pmapper feature index 1633
feat_1634,integer,,Pmapper feature index 1634
feat_1635,integer,,Pmapper feature index 1635
feat_1636,integer,,Pmapper feature index 1636
feat_1637,integer,,Pmapper feature index 1637
feat_1638,integer,,Pmapper feature index 1638
feat_1639,integer,,Pmapper feature index 1639
feat_1640,integer,,Pmapper feature index 1640
feat_1641,integer,,Pmapper feature index 1641
feat_1642,integer,,Pmapper feature index 1642
feat_1643,integer,,Pmapper feature index 1643
feat_1644,integer,,Pmapper feature index 1644
feat_1645,integer,,Pmapper feature index 1645
feat_1646,integer,,Pmapper feature index 1646
feat_1647,integer,,Pmapper feature index 1647
feat_1648,integer,,Pmapper feature index 1648
feat_1649,integer,,Pmapper feature index 1649
feat_1650,integer,,Pmapper feature index 1650
feat_1651,integer,,Pmapper feature index 1651
feat_1652,integer,,Pmapper feature index 1652
feat_1653,integer,,Pmapper feature index 1653
feat_1654,integer,,Pmapper feature index 1654
feat_1655,integer,,Pmapper feature index 1655
feat_1656,integer,,Pmapper feature index 1656
feat_1657,integer,,Pmapper feature index 1657
feat_1658,integer,,Pmapper feature index 1658
feat_1659,integer,,Pmapper feature index 1659
feat_1660,integer,,Pmapper feature index 1660
feat_1661,integer,,Pmapper feature index 1661
feat_1662,integer,,Pmapper feature index 1662
feat_1663,integer,,Pmapper feature index 1663
feat_1664,integer,,Pmapper feature index 1664
feat_1665,integer,,Pmapper feature index 1665
feat_1666,integer,,Pmapper feature index 1666
feat_1667,integer,,Pmapper feature index 1667
feat_1668,integer,,Pmapper feature index 1668
feat_1669,integer,,Pmapper feature index 1669
feat_1670,integer,,Pmapper feature index 1670
feat_1671,integer,,Pmapper feature index 1671
feat_1672,integer,,Pmapper feature index 1672
feat_1673,integer,,Pmapper feature index 1673
feat_1674,integer,,Pmapper feature index 1674
feat_1675,integer,,Pmapper feature index 1675
feat_1676,integer,,Pmapper feature index 1676
feat_1677,integer,,Pmapper feature index 1677
feat_1678,integer,,Pmapper feature index 1678
feat_1679,integer,,Pmapper feature index 1679
feat_1680,integer,,Pmapper feature index 1680
feat_1681,integer,,Pmapper feature index 1681
feat_1682,integer,,Pmapper feature index 1682
feat_1683,integer,,Pmapper feature index 1683
feat_1684,integer,,Pmapper feature index 1684
feat_1685,integer,,Pmapper feature index 1685
feat_1686,integer,,Pmapper feature index 1686
feat_1687,integer,,Pmapper feature index 1687
feat_1688,integer,,Pmapper feature index 1688
feat_1689,integer,,Pmapper feature index 1689
feat_1690,integer,,Pmapper feature index 1690
feat_1691,integer,,Pmapper feature index 1691
feat_1692,integer,,Pmapper feature index 1692
feat_1693,integer,,Pmapper feature index 1693
feat_1694,integer,,Pmapper feature index 1694
feat_1695,integer,,Pmapper feature index 1695
feat_1696,integer,,Pmapper feature index 1696
feat_1697,integer,,Pmapper feature index 1697
feat_1698,integer,,Pmapper feature index 1698
feat_1699,integer,,Pmapper feature index 1699
feat_1700,integer,,Pmapper feature index 1700
feat_1701,integer,,Pmapper feature index 1701
feat_1702,integer,,Pmapper feature index 1702
feat_1703,integer,,Pmapper feature index 1703
feat_1704,integer,,Pmapper feature index 1704
feat_1705,integer,,Pmapper feature index 1705
feat_1706,integer,,Pmapper feature index 1706
feat_1707,integer,,Pmapper feature index 1707
feat_1708,integer,,Pmapper feature index 1708
feat_1709,integer,,Pmapper feature index 1709
feat_1710,integer,,Pmapper feature index 1710
feat_1711,integer,,Pmapper feature index 1711
feat_1712,integer,,Pmapper feature index 1712
feat_1713,integer,,Pmapper feature index 1713
feat_1714,integer,,Pmapper feature index 1714
feat_1715,integer,,Pmapper feature index 1715
feat_1716,integer,,Pmapper feature index 1716
feat_1717,integer,,Pmapper feature index 1717
feat_1718,integer,,Pmapper feature index 1718
feat_1719,integer,,Pmapper feature index 1719
feat_1720,integer,,Pmapper feature index 1720
feat_1721,integer,,Pmapper feature index 1721
feat_1722,integer,,Pmapper feature index 1722
feat_1723,integer,,Pmapper feature index 1723
feat_1724,integer,,Pmapper feature index 1724
feat_1725,integer,,Pmapper feature index 1725
feat_1726,integer,,Pmapper feature index 1726
feat_1727,integer,,Pmapper feature index 1727
feat_1728,integer,,Pmapper feature index 1728
feat_1729,integer,,Pmapper feature index 1729
feat_1730,integer,,Pmapper feature index 1730
feat_1731,integer,,Pmapper feature index 1731
feat_1732,integer,,Pmapper feature index 1732
feat_1733,integer,,Pmapper feature index 1733
feat_1734,integer,,Pmapper feature index 1734
feat_1735,integer,,Pmapper feature index 1735
feat_1736,integer,,Pmapper feature index 1736
feat_1737,integer,,Pmapper feature index 1737
feat_1738,integer,,Pmapper feature index 1738
feat_1739,integer,,Pmapper feature index 1739
feat_1740,integer,,Pmapper feature index 1740
feat_1741,integer,,Pmapper feature index 1741
feat_1742,integer,,Pmapper feature index 1742
feat_1743,integer,,Pmapper feature index 1743
feat_1744,integer,,Pmapper feature index 1744
feat_1745,integer,,Pmapper feature index 1745
feat_1746,integer,,Pmapper feature index 1746
feat_1747,integer,,Pmapper feature index 1747
feat_1748,integer,,Pmapper feature index 1748
feat_1749,integer,,Pmapper feature index 1749
feat_1750,integer,,Pmapper feature index 1750
feat_1751,integer,,Pmapper feature index 1751
feat_1752,integer,,Pmapper feature index 1752
feat_1753,integer,,Pmapper feature index 1753
feat_1754,integer,,Pmapper feature index 1754
feat_1755,integer,,Pmapper feature index 1755
feat_1756,integer,,Pmapper feature index 1756
feat_1757,integer,,Pmapper feature index 1757
feat_1758,integer,,Pmapper feature index 1758
feat_1759,integer,,Pmapper feature index 1759
feat_1760,integer,,Pmapper feature index 1760
feat_1761,integer,,Pmapper feature index 1761
feat_1762,integer,,Pmapper feature index 1762
feat_1763,integer,,Pmapper feature index 1763
feat_1764,integer,,Pmapper feature index 1764
feat_1765,integer,,Pmapper feature index 1765
feat_1766,integer,,Pmapper feature index 1766
feat_1767,integer,,Pmapper feature index 1767
feat_1768,integer,,Pmapper feature index 1768
feat_1769,integer,,Pmapper feature index 1769
feat_1770,integer,,Pmapper feature index 1770
feat_1771,integer,,Pmapper feature index 1771
feat_1772,integer,,Pmapper feature index 1772
feat_1773,integer,,Pmapper feature index 1773
feat_1774,integer,,Pmapper feature index 1774
feat_1775,integer,,Pmapper feature index 1775
feat_1776,integer,,Pmapper feature index 1776
feat_1777,integer,,Pmapper feature index 1777
feat_1778,integer,,Pmapper feature index 1778
feat_1779,integer,,Pmapper feature index 1779
feat_1780,integer,,Pmapper feature index 1780
feat_1781,integer,,Pmapper feature index 1781
feat_1782,integer,,Pmapper feature index 1782
feat_1783,integer,,Pmapper feature index 1783
feat_1784,integer,,Pmapper feature index 1784
feat_1785,integer,,Pmapper feature index 1785
feat_1786,integer,,Pmapper feature index 1786
feat_1787,integer,,Pmapper feature index 1787
feat_1788,integer,,Pmapper feature index 1788
feat_1789,integer,,Pmapper feature index 1789
feat_1790,integer,,Pmapper feature index 1790
feat_1791,integer,,Pmapper feature index 1791
feat_1792,integer,,Pmapper feature index 1792
feat_1793,integer,,Pmapper feature index 1793
feat_1794,integer,,Pmapper feature index 1794
feat_1795,integer,,Pmapper feature index 1795
feat_1796,integer,,Pmapper feature index 1796
feat_1797,integer,,Pmapper feature index 1797
feat_1798,integer,,Pmapper feature index 1798
feat_1799,integer,,Pmapper feature index 1799
feat_1800,integer,,Pmapper feature index 1800
feat_1801,integer,,Pmapper feature index 1801
feat_1802,integer,,Pmapper feature index 1802
feat_1803,integer,,Pmapper feature index 1803
feat_1804,integer,,Pmapper feature index 1804
feat_1805,integer,,Pmapper feature index 1805
feat_1806,integer,,Pmapper feature index 1806
feat_1807,integer,,Pmapper feature index 1807
feat_1808,integer,,Pmapper feature index 1808
feat_1809,integer,,Pmapper feature index 1809
feat_1810,integer,,Pmapper feature index 1810
feat_1811,integer,,Pmapper feature index 1811
feat_1812,integer,,Pmapper feature index 1812
feat_1813,integer,,Pmapper feature index 1813
feat_1814,integer,,Pmapper feature index 1814
feat_1815,integer,,Pmapper feature index 1815
feat_1816,integer,,Pmapper feature index 1816
feat_1817,integer,,Pmapper feature index 1817
feat_1818,integer,,Pmapper feature index 1818
feat_1819,integer,,Pmapper feature index 1819
feat_1820,integer,,Pmapper feature index 1820
feat_1821,integer,,Pmapper feature index 1821
feat_1822,integer,,Pmapper feature index 1822
feat_1823,integer,,Pmapper feature index 1823
feat_1824,integer,,Pmapper feature index 1824
feat_1825,integer,,Pmapper feature index 1825
feat_1826,integer,,Pmapper feature index 1826
feat_1827,integer,,Pmapper feature index 1827
feat_1828,integer,,Pmapper feature index 1828
feat_1829,integer,,Pmapper feature index 1829
feat_1830,integer,,Pmapper feature index 1830
feat_1831,integer,,Pmapper feature index 1831
feat_1832,integer,,Pmapper feature index 1832
feat_1833,integer,,Pmapper feature index 1833
feat_1834,integer,,Pmapper feature index 1834
feat_1835,integer,,Pmapper feature index 1835
feat_1836,integer,,Pmapper feature index 1836
feat_1837,integer,,Pmapper feature index 1837
feat_1838,integer,,Pmapper feature index 1838
feat_1839,integer,,Pmapper feature index 1839
feat_1840,integer,,Pmapper feature index 1840
feat_1841,integer,,Pmapper feature index 1841
feat_1842,integer,,Pmapper feature index 1842
feat_1843,integer,,Pmapper feature index 1843
feat_1844,integer,,Pmapper feature index 1844
feat_1845,integer,,Pmapper feature index 1845
feat_1846,integer,,Pmapper feature index 1846
feat_1847,integer,,Pmapper feature index 1847
feat_1848,integer,,Pmapper feature index 1848
feat_1849,integer,,Pmapper feature index 1849
feat_1850,integer,,Pmapper feature index 1850
feat_1851,integer,,Pmapper feature index 1851
feat_1852,integer,,Pmapper feature index 1852
feat_1853,integer,,Pmapper feature index 1853
feat_1854,integer,,Pmapper feature index 1854
feat_1855,integer,,Pmapper feature index 1855
feat_1856,integer,,Pmapper feature index 1856
feat_1857,integer,,Pmapper feature index 1857
feat_1858,integer,,Pmapper feature index 1858
feat_1859,integer,,Pmapper feature index 1859
feat_1860,integer,,Pmapper feature index 1860
feat_1861,integer,,Pmapper feature index 1861
feat_1862,integer,,Pmapper feature index 1862
feat_1863,integer,,Pmapper feature index 1863
feat_1864,integer,,Pmapper feature index 1864
feat_1865,integer,,Pmapper feature index 1865
feat_1866,integer,,Pmapper feature index 1866
feat_1867,integer,,Pmapper feature index 1867
feat_1868,integer,,Pmapper feature index 1868
feat_1869,integer,,Pmapper feature index 1869
feat_1870,integer,,Pmapper feature index 1870
feat_1871,integer,,Pmapper feature index 1871
feat_1872,integer,,Pmapper feature index 1872
feat_1873,integer,,Pmapper feature index 1873
feat_1874,integer,,Pmapper feature index 1874
feat_1875,integer,,Pmapper feature index 1875
feat_1876,integer,,Pmapper feature index 1876
feat_1877,integer,,Pmapper feature index 1877
feat_1878,integer,,Pmapper feature index 1878
feat_1879,integer,,Pmapper feature index 1879
feat_1880,integer,,Pmapper feature index 1880
feat_1881,integer,,Pmapper feature index 1881
feat_1882,integer,,Pmapper feature index 1882
feat_1883,integer,,Pmapper feature index 1883
feat_1884,integer,,Pmapper feature index 1884
feat_1885,integer,,Pmapper feature index 1885
feat_1886,integer,,Pmapper feature index 1886
feat_1887,integer,,Pmapper feature index 1887
feat_1888,integer,,Pmapper feature index 1888
feat_1889,integer,,Pmapper feature index 1889
feat_1890,integer,,Pmapper feature index 1890
feat_1891,integer,,Pmapper feature index 1891
feat_1892,integer,,Pmapper feature index 1892
feat_1893,integer,,Pmapper feature index 1893
feat_1894,integer,,Pmapper feature index 1894
feat_1895,integer,,Pmapper feature index 1895
feat_1896,integer,,Pmapper feature index 1896
feat_1897,integer,,Pmapper feature index 1897
feat_1898,integer,,Pmapper feature index 1898
feat_1899,integer,,Pmapper feature index 1899
feat_1900,integer,,Pmapper feature index 1900
feat_1901,integer,,Pmapper feature index 1901
feat_1902,integer,,Pmapper feature index 1902
feat_1903,integer,,Pmapper feature index 1903
feat_1904,integer,,Pmapper feature index 1904
feat_1905,integer,,Pmapper feature index 1905
feat_1906,integer,,Pmapper feature index 1906
feat_1907,integer,,Pmapper feature index 1907
feat_1908,integer,,Pmapper feature index 1908
feat_1909,integer,,Pmapper feature index 1909
feat_1910,integer,,Pmapper feature index 1910
feat_1911,integer,,Pmapper feature index 1911
feat_1912,integer,,Pmapper feature index 1912
feat_1913,integer,,Pmapper feature index 1913
feat_1914,integer,,Pmapper feature index 1914
feat_1915,integer,,Pmapper feature index 1915
feat_1916,integer,,Pmapper feature index 1916
feat_1917,integer,,Pmapper feature index 1917
feat_1918,integer,,Pmapper feature index 1918
feat_1919,integer,,Pmapper feature index 1919
feat_1920,integer,,Pmapper feature index 1920
feat_1921,integer,,Pmapper feature index 1921
feat_1922,integer,,Pmapper feature index 1922
feat_1923,integer,,Pmapper feature index 1923
feat_1924,integer,,Pmapper feature index 1924
feat_1925,integer,,Pmapper feature index 1925
feat_1926,integer,,Pmapper feature index 1926
feat_1927,integer,,Pmapper feature index 1927
feat_1928,integer,,Pmapper feature index 1928
feat_1929,integer,,Pmapper feature index 1929
feat_1930,integer,,Pmapper feature index 1930
feat_1931,integer,,Pmapper feature index 1931
feat_1932,integer,,Pmapper feature index 1932
feat_1933,integer,,Pmapper feature index 1933
feat_1934,integer,,Pmapper feature index 1934
feat_1935,integer,,Pmapper feature index 1935
feat_1936,integer,,Pmapper feature index 1936
feat_1937,integer,,Pmapper feature index 1937
feat_1938,integer,,Pmapper feature index 1938
feat_1939,integer,,Pmapper feature index 1939
feat_1940,integer,,Pmapper feature index 1940
feat_1941,integer,,Pmapper feature index 1941
feat_1942,integer,,Pmapper feature index 1942
feat_1943,integer,,Pmapper feature index 1943
feat_1944,integer,,Pmapper feature index 1944
feat_1945,integer,,Pmapper feature index 1945
feat_1946,integer,,Pmapper feature index 1946
feat_1947,integer,,Pmapper feature index 1947
feat_1948,integer,,Pmapper feature index 1948
feat_1949,integer,,Pmapper feature index 1949
feat_1950,integer,,Pmapper feature index 1950
feat_1951,integer,,Pmapper feature index 1951
feat_1952,integer,,Pmapper feature index 1952
feat_1953,integer,,Pmapper feature index 1953
feat_1954,integer,,Pmapper feature index 1954
feat_1955,integer,,Pmapper feature index 1955
feat_1956,integer,,Pmapper feature index 1956
feat_1957,integer,,Pmapper feature index 1957
feat_1958,integer,,Pmapper feature index 1958
feat_1959,integer,,Pmapper feature index 1959
feat_1960,integer,,Pmapper feature index 1960
feat_1961,integer,,Pmapper feature index 1961
feat_1962,integer,,Pmapper feature index 1962
feat_1963,integer,,Pmapper feature index 1963
feat_1964,integer,,Pmapper feature index 1964
feat_1965,integer,,Pmapper feature index 1965
feat_1966,integer,,Pmapper feature index 1966
feat_1967,integer,,Pmapper feature index 1967
feat_1968,integer,,Pmapper feature index 1968
feat_1969,integer,,Pmapper feature index 1969
feat_1970,integer,,Pmapper feature index 1970
feat_1971,integer,,Pmapper feature index 1971
feat_1972,integer,,Pmapper feature index 1972
feat_1973,integer,,Pmapper feature index 1973
feat_1974,integer,,Pmapper feature index 1974
feat_1975,integer,,Pmapper feature index 1975
feat_1976,integer,,Pmapper feature index 1976
feat_1977,integer,,Pmapper feature index 1977
feat_1978,integer,,Pmapper feature index 1978
feat_1979,integer,,Pmapper feature index 1979
feat_1980,integer,,Pmapper feature index 1980
feat_1981,integer,,Pmapper feature index 1981
feat_1982,integer,,Pmapper feature index 1982
feat_1983,integer,,Pmapper feature index 1983
feat_1984,integer,,Pmapper feature index 1984
feat_1985,integer,,Pmapper feature index 1985
feat_1986,integer,,Pmapper feature index 1986
feat_1987,integer,,Pmapper feature index 1987
feat_1988,integer,,Pmapper feature index 1988
feat_1989,integer,,Pmapper feature index 1989
feat_1990,integer,,Pmapper feature index 1990
feat_1991,integer,,Pmapper feature index 1991
feat_1992,integer,,Pmapper feature index 1992
feat_1993,integer,,Pmapper feature index 1993
feat_1994,integer,,Pmapper feature index 1994
feat_1995,integer,,Pmapper feature index 1995
feat_1996,integer,,Pmapper feature index 1996
feat_1997,integer,,Pmapper feature index 1997
feat_1998,integer,,Pmapper feature index 1998
feat_1999,integer,,Pmapper feature index 1999
feat_2000,integer,,Pmapper feature index 2000
feat_2001,integer,,Pmapper feature index 2001
feat_2002,integer,,Pmapper feature index 2002
feat_2003,integer,,Pmapper feature index 2003
feat_2004,integer,,Pmapper feature index 2004
feat_2005,integer,,Pmapper feature index 2005
feat_2006,integer,,Pmapper feature index 2006
feat_2007,integer,,Pmapper feature index 2007
feat_2008,integer,,Pmapper feature index 2008
feat_2009,integer,,Pmapper feature index 2009
feat_2010,integer,,Pmapper feature index 2010
feat_2011,integer,,Pmapper feature index 2011
feat_2012,integer,,Pmapper feature index 2012
feat_2013,integer,,Pmapper feature index 2013
feat_2014,integer,,Pmapper feature index 2014
feat_2015,integer,,Pmapper feature index 2015
feat_2016,integer,,Pmapper feature index 2016
feat_2017,integer,,Pmapper feature index 2017
feat_2018,integer,,Pmapper feature index 2018
feat_2019,integer,,Pmapper feature index 2019
feat_2020,integer,,Pmapper feature index 2020
feat_2021,integer,,Pmapper feature index 2021
feat_2022,integer,,Pmapper feature index 2022
feat_2023,integer,,Pmapper feature index 2023
feat_2024,integer,,Pmapper feature index 2024
feat_2025,integer,,Pmapper feature index 2025
feat_2026,integer,,Pmapper feature index 2026
feat_2027,integer,,Pmapper feature index 2027
feat_2028,integer,,Pmapper feature index 2028
feat_2029,integer,,Pmapper feature index 2029
feat_2030,integer,,Pmapper feature index 2030
feat_2031,integer,,Pmapper feature index 2031
feat_2032,integer,,Pmapper feature index 2032
feat_2033,integer,,Pmapper feature index 2033
feat_2034,integer,,Pmapper feature index 2034
feat_2035,integer,,Pmapper feature index 2035
feat_2036,integer,,Pmapper feature index 2036
feat_2037,integer,,Pmapper feature index 2037
feat_2038,integer,,Pmapper feature index 2038
feat_2039,integer,,Pmapper feature index 2039
feat_2040,integer,,Pmapper feature index 2040
feat_2041,integer,,Pmapper feature index 2041
feat_2042,integer,,Pmapper feature index 2042
feat_2043,integer,,Pmapper feature index 2043
feat_2044,integer,,Pmapper feature index 2044
feat_2045,integer,,Pmapper feature index 2045
feat_2046,integer,,Pmapper feature index 2046
feat_2047,integer,,Pmapper feature index 2047
